timestamp,src_ip,dst_ip,src_port,dst_port,protocol,bytes_sent,bytes_received,duration_ms,packet_count,tcp_flags,is_encrypted
2026-06-28T15:40:15.440291+00:00,10.0.2.190,192.168.10.24,39722,5900,ICMP,4905,13280,19328,169,SYN,0
2026-06-28T15:40:15.496291+00:00,192.168.10.109,45.33.32.115,46777,5432,UDP,5614,18250,637,14,ACK,0
2026-06-28T15:40:15.586291+00:00,10.0.3.218,8.8.8.155,36166,443,HTTPS,6241,5204,2262,19,PSH-ACK,1
2026-06-28T15:40:15.866291+00:00,10.0.1.13,45.33.32.198,57809,443,UDP,6267,18257,1858,41,ACK,0
2026-06-28T15:40:16.016291+00:00,10.0.3.181,198.51.100.156,31318,5432,UDP,4462,41983,2819,36,SYN-ACK,0
2026-06-28T15:40:15.760291+00:00,10.0.1.208,8.8.8.103,58457,3306,DNS,3523,42994,2045,26,FIN,0
2026-06-28T15:40:16.142291+00:00,192.168.10.139,192.168.10.111,15397,53,HTTP,8388,32383,373,49,SYN,0
2026-06-28T15:40:16.063291+00:00,192.168.1.154,192.168.1.154,17500,80,DNS,11185,47273,470,44,PSH-ACK,0
2026-06-28T15:40:16.536291+00:00,192.168.1.42,104.16.249.1,60833,443,DNS,14302,41019,1223,41,PSH-ACK,0
2026-06-28T15:40:16.241291+00:00,10.0.2.140,10.0.1.155,2300,443,HTTPS,5987,20193,981,4,SYN-ACK,1
2026-06-28T15:40:17.390291+00:00,10.0.1.189,104.16.249.209,44261,8443,UDP,9047,10861,1086,34,PSH-ACK,1
2026-06-28T15:40:16.584291+00:00,10.0.2.184,10.0.3.114,17270,22,TCP,1089,22196,87,38,PSH-ACK,0
2026-06-28T15:40:17.840291+00:00,10.0.1.183,203.0.113.59,5667,22,HTTP,4602,43882,1989,14,PSH-ACK,0
2026-06-28T15:40:17.988291+00:00,10.0.2.202,104.16.249.207,44211,5432,TCP,5844,27799,1684,30,SYN,0
2026-06-28T15:40:16.350291+00:00,10.0.3.206,10.0.2.50,28672,53,UDP,4603,30358,1024,5,FIN,0
2026-06-28T15:40:16.370291+00:00,192.168.10.216,203.0.113.249,27658,8443,UDP,7926,14048,1643,4,SYN-ACK,1
2026-06-28T15:40:16.240291+00:00,10.0.3.239,192.168.1.180,13469,8080,UDP,3606,3872,2373,48,PSH-ACK,0
2026-06-28T15:40:17.650291+00:00,192.168.10.124,151.101.1.236,6274,53,DNS,1162,39036,279,44,SYN-ACK,1
2026-06-28T15:40:16.880291+00:00,192.168.10.65,172.217.14.153,44105,3306,HTTPS,4312,13426,2744,46,ACK,1
2026-06-28T15:40:17.549291+00:00,10.0.2.173,91.189.89.118,31058,443,TCP,1240,35274,874,33,ACK,0
2026-06-28T15:40:18.220291+00:00,10.0.2.96,192.168.1.215,65501,80,DNS,10982,36386,1227,43,SYN,0
2026-06-28T15:40:17.897291+00:00,10.0.1.192,151.101.1.40,14366,8080,HTTP,8320,32056,1029,4,SYN,1
2026-06-28T15:40:18.080291+00:00,91.189.89.42,151.101.1.181,29052,21,ICMP,10862,91573,14768,329,RST,0
2026-06-28T15:40:18.752291+00:00,10.0.2.112,185.220.101.11,14791,22,HTTP,10967,6776,1449,50,PSH-ACK,1
2026-06-28T15:40:17.576291+00:00,10.0.2.223,10.0.2.227,12778,3306,TCP,12858,27022,2744,48,SYN-ACK,0
2026-06-28T15:40:17.690291+00:00,10.0.1.99,203.0.113.220,23939,8080,HTTPS,13483,14955,914,2,SYN-ACK,1
2026-06-28T15:40:19.392291+00:00,10.0.1.249,192.168.10.104,8583,8080,TCP,2965,38089,1088,3,SYN,1
2026-06-28T15:40:19.166291+00:00,10.0.3.113,192.168.10.31,13481,8080,DNS,767,46490,1787,1,PSH-ACK,0
2026-06-28T15:40:19.444291+00:00,10.0.3.161,10.0.1.186,21293,5432,DNS,5384,26411,2856,19,PSH-ACK,0
2026-06-28T15:40:18.311291+00:00,192.168.1.175,192.168.10.79,55663,80,DNS,5018,18843,861,28,PSH-ACK,0
2026-06-28T15:40:20.510291+00:00,10.0.2.132,104.16.249.204,34804,3306,HTTP,1570,49266,963,44,ACK,0
2026-06-28T15:40:18.540291+00:00,10.0.1.64,10.0.1.118,13766,5432,DNS,8139,26231,1000,10,SYN,0
2026-06-28T15:40:20.496291+00:00,192.168.10.120,203.0.113.143,9762,8443,HTTPS,10977,34848,2290,39,ACK,1
2026-06-28T15:40:20.819291+00:00,192.168.10.111,10.0.2.192,18010,22,HTTPS,13800,41829,1136,50,PSH-ACK,1
2026-06-28T15:40:21.356291+00:00,10.0.3.114,10.0.3.62,21976,443,HTTP,2307,9924,948,25,SYN-ACK,0
2026-06-28T15:40:17.750291+00:00,10.0.3.140,10.0.1.54,60323,80,HTTPS,14076,37768,1559,31,SYN,1
2026-06-28T15:40:20.480291+00:00,192.168.1.220,1.1.1.138,15404,8080,HTTPS,7180,31867,119,25,ACK,1
2026-06-28T15:40:21.101291+00:00,192.168.1.237,185.220.101.252,39814,80,HTTPS,1415,42163,1756,9,FIN,1
2026-06-28T15:40:19.088291+00:00,192.168.1.85,10.0.3.88,50307,5432,HTTP,4173,5407,1927,2,PSH-ACK,0
2026-06-28T15:40:20.861291+00:00,10.0.1.201,203.0.113.194,56023,80,UDP,10219,10026,978,9,FIN,0
2026-06-28T15:40:23.200291+00:00,192.168.1.181,91.189.89.197,64247,8080,UDP,1811,37964,106,20,PSH-ACK,1
2026-06-28T15:40:21.631291+00:00,10.0.2.21,10.0.2.28,53815,443,DNS,13085,37128,169,23,PSH-ACK,1
2026-06-28T15:40:21.488291+00:00,10.0.3.5,192.168.1.29,42677,8443,HTTP,11628,10066,1784,12,PSH-ACK,0
2026-06-28T15:40:23.481291+00:00,192.168.1.113,172.217.14.69,19303,8443,TCP,4035,49223,1904,37,PSH-ACK,1
2026-06-28T15:40:21.424291+00:00,10.0.2.92,8.8.8.72,58716,3389,SSH,2330,68715,17521,93,RST,0
2026-06-28T15:40:22.370291+00:00,10.0.2.178,104.16.249.166,20307,22,TCP,6665,45376,997,20,PSH-ACK,0
2026-06-28T15:40:23.306291+00:00,10.0.3.110,10.0.3.181,21118,8080,HTTP,3817,7947,2955,13,ACK,0
2026-06-28T15:40:24.229291+00:00,10.0.2.51,192.168.1.72,55591,22,TCP,4893,14948,1479,12,ACK,0
2026-06-28T15:40:24.368291+00:00,10.0.1.251,203.0.113.142,7747,80,HTTPS,9445,18674,1923,31,FIN,1
2026-06-28T15:40:22.153291+00:00,10.0.1.66,10.0.1.104,38839,80,TCP,2525,9817,2306,20,SYN,0
2026-06-28T15:40:19.440291+00:00,192.168.1.157,192.168.10.59,60563,8443,HTTPS,4911,38609,1757,20,PSH-ACK,1
2026-06-28T15:40:18.755291+00:00,10.0.1.244,45.33.32.161,16743,53,UDP,9083,4959,642,1,FIN,1
2026-06-28T15:40:24.280291+00:00,10.0.2.75,91.189.89.180,52655,22,HTTP,7005,7561,2231,15,SYN-ACK,0
2026-06-28T15:40:19.998291+00:00,10.0.2.204,192.168.10.237,9173,8443,HTTPS,11323,19968,2867,26,ACK,1
2026-06-28T15:40:25.052291+00:00,192.168.1.22,192.168.1.190,17432,80,DNS,1536,15042,2762,37,PSH-ACK,0
2026-06-28T15:40:21.930291+00:00,10.0.2.122,192.168.1.236,39384,5432,UDP,10440,32265,374,31,ACK,1
2026-06-28T15:40:23.000291+00:00,10.0.1.221,192.168.1.179,44447,5432,HTTP,13369,49880,2254,3,FIN,0
2026-06-28T15:40:22.850291+00:00,10.0.1.250,1.1.1.222,31300,5432,DNS,928,12333,2124,24,PSH-ACK,1
2026-06-28T15:40:24.894291+00:00,10.0.2.70,10.0.3.114,2915,22,TCP,11669,10419,1273,36,SYN,1
2026-06-28T15:40:19.747291+00:00,10.0.1.120,10.0.2.129,47253,8080,DNS,6847,31661,1935,16,FIN,0
2026-06-28T15:40:24.320291+00:00,192.168.10.132,10.0.1.72,62250,8080,HTTP,13483,208,1159,47,ACK,1
2026-06-28T15:40:20.808291+00:00,192.168.1.90,192.168.10.98,58014,22,HTTP,11467,15690,2343,25,SYN-ACK,1
2026-06-28T15:40:19.222291+00:00,192.168.1.182,1.1.1.99,33942,3306,UDP,14289,6617,1804,7,PSH-ACK,1
2026-06-28T15:40:18.779291+00:00,192.168.1.224,192.168.1.202,41869,5432,HTTP,10686,5303,1346,44,PSH-ACK,1
2026-06-28T15:40:23.824291+00:00,192.168.1.225,151.101.1.10,15932,443,HTTP,7150,6491,2596,46,SYN,1
2026-06-28T15:40:21.420291+00:00,10.0.1.13,10.0.1.77,29249,53,HTTP,4040,34850,1688,37,SYN-ACK,0
2026-06-28T15:40:21.644291+00:00,192.168.1.160,45.33.32.128,42829,8080,HTTPS,7569,16773,2732,1,FIN,1
2026-06-28T15:40:23.681291+00:00,10.0.2.20,10.0.3.254,46264,8080,HTTPS,7524,19839,816,25,FIN,1
2026-06-28T15:40:20.676291+00:00,192.168.10.93,10.0.3.7,1554,80,HTTP,14959,39781,2035,19,SYN-ACK,0
2026-06-28T15:40:22.754291+00:00,192.168.10.66,185.220.101.161,52706,8443,HTTP,586,38022,1495,47,SYN-ACK,0
2026-06-28T15:40:24.190291+00:00,192.168.1.46,192.168.10.226,33909,8080,DNS,13646,10823,1053,31,ACK,0
2026-06-28T15:40:21.049291+00:00,10.0.1.38,192.168.1.249,52842,5432,TCP,268,17371,2198,8,FIN,0
2026-06-28T15:40:23.864291+00:00,10.0.3.29,10.0.1.160,15531,443,DNS,10450,30466,2872,20,FIN,0
2026-06-28T15:40:21.645291+00:00,192.168.1.31,192.168.10.36,26494,930,TCP,87,42,5,3,RST,0
2026-06-28T15:40:30.240291+00:00,10.0.2.228,10.0.1.215,27770,8080,DNS,576,45278,1518,14,FIN,1
2026-06-28T15:40:23.690291+00:00,10.0.1.253,10.0.3.17,13463,443,HTTP,13934,29840,376,43,SYN-ACK,0
2026-06-28T15:40:20.152291+00:00,10.0.2.34,172.217.14.53,15176,22,DNS,5423,9710,2442,1,ACK,0
2026-06-28T15:40:21.831291+00:00,10.0.2.30,203.0.113.34,22242,80,DNS,2894,17431,215,9,FIN,0
2026-06-28T15:40:20.588291+00:00,10.0.3.133,172.217.14.28,3865,8080,DNS,7544,42201,128,4,FIN,1
2026-06-28T15:40:28.001291+00:00,192.168.1.184,104.16.249.19,9294,8080,TCP,10268,41529,2398,36,ACK,1
2026-06-28T15:40:30.240291+00:00,192.168.10.156,1.1.1.26,30617,22,HTTPS,6819,22252,1858,26,FIN,1
2026-06-28T15:40:21.434291+00:00,10.0.3.172,10.0.2.177,7002,443,TCP,1567,28343,396,48,ACK,0
2026-06-28T15:40:31.184291+00:00,192.168.10.145,10.0.1.107,57915,80,HTTPS,4752,39388,1280,23,SYN,1
2026-06-28T15:40:31.791291+00:00,10.0.2.170,10.0.1.91,51002,8080,TCP,9446,14861,1758,36,PSH-ACK,0
2026-06-28T15:40:25.352291+00:00,91.189.89.236,10.0.1.48,58031,23,SSH,87159,53531,9560,122,SYN,0
2026-06-28T15:40:20.285291+00:00,192.168.10.57,1.1.1.108,21447,3306,HTTP,12767,37237,2443,6,SYN,0
2026-06-28T15:40:23.180291+00:00,10.0.1.174,192.168.1.171,40809,8443,HTTPS,6825,17942,883,49,PSH-ACK,1
2026-06-28T15:40:22.313291+00:00,10.0.1.74,192.168.10.172,15475,5432,TCP,9859,3630,32,14,ACK,0
2026-06-28T15:40:22.920291+00:00,10.0.3.85,192.168.1.193,9490,5432,UDP,8765,46155,943,33,PSH-ACK,0
2026-06-28T15:40:21.492291+00:00,10.0.1.113,10.0.1.222,29157,5432,DNS,11664,41992,1711,19,SYN,1
2026-06-28T15:40:20.390291+00:00,10.0.2.207,10.0.3.24,16969,5432,TCP,9688,26283,2147,6,FIN,0
2026-06-28T15:40:27.816291+00:00,10.0.2.21,151.101.1.163,24033,53,HTTP,3911,6777,600,17,SYN-ACK,0
2026-06-28T15:40:23.628291+00:00,10.0.1.47,192.168.10.196,43163,3306,DNS,14199,41145,1295,10,FIN,0
2026-06-28T15:40:31.250291+00:00,10.0.3.205,91.189.89.152,31284,8443,HTTP,656,3768,1511,19,SYN,0
2026-06-28T15:40:32.266291+00:00,192.168.10.143,203.0.113.116,40673,8443,HTTP,8254,9926,254,29,SYN,0
2026-06-28T15:40:22.185291+00:00,10.0.2.12,45.33.32.182,25459,8080,HTTP,6387,26829,1386,44,PSH-ACK,0
2026-06-28T15:40:28.400291+00:00,10.0.1.144,1.1.1.73,6365,53,HTTP,5771,20371,2688,45,FIN,0
2026-06-28T15:40:22.327291+00:00,192.168.1.166,8.8.8.209,34348,3306,HTTPS,338,23803,1266,12,SYN-ACK,1
2026-06-28T15:40:28.866291+00:00,192.168.1.51,10.0.2.21,34295,80,TCP,10885,22110,2532,9,PSH-ACK,1
2026-06-28T15:40:24.251291+00:00,192.168.10.209,192.168.1.13,45350,22,HTTP,7317,40055,1168,49,FIN,0
2026-06-28T15:40:34.040291+00:00,192.168.1.233,192.168.10.254,51449,8080,HTTPS,12788,25066,2060,34,FIN,1
2026-06-28T15:40:24.631291+00:00,192.168.10.37,192.168.1.225,62253,443,DNS,11695,33850,511,19,SYN,0
2026-06-28T15:40:27.578291+00:00,192.168.10.39,10.0.2.211,62003,80,HTTP,6837,3530,1624,33,ACK,0
2026-06-28T15:40:30.684291+00:00,10.0.3.59,10.0.1.216,10041,80,UDP,4740,31002,2852,9,FIN,1
2026-06-28T15:40:20.744291+00:00,10.0.1.67,10.0.2.142,51891,8080,TCP,3933,19776,500,4,SYN-ACK,1
2026-06-28T15:40:32.975291+00:00,192.168.1.154,151.101.1.5,20112,5432,UDP,65,40332,1446,16,PSH-ACK,1
2026-06-28T15:40:25.722291+00:00,10.0.1.136,8.8.8.18,58258,8443,HTTPS,753,41699,1585,24,ACK,1
2026-06-28T15:40:21.218291+00:00,10.0.1.90,10.0.1.199,3929,3306,UDP,8985,22227,2633,12,FIN,1
2026-06-28T15:40:25.808291+00:00,10.0.1.185,104.16.249.10,59075,80,UDP,5210,20361,2112,26,PSH-ACK,1
2026-06-28T15:40:27.866291+00:00,10.0.3.113,1.1.1.191,29842,8443,DNS,2067136,4164,1517,1218,PSH-ACK,1
2026-06-28T15:40:31.280291+00:00,192.168.10.70,192.168.1.22,54916,53,DNS,8977,19292,1316,7,SYN,0
2026-06-28T15:40:29.315291+00:00,192.168.10.185,192.168.1.91,48656,3306,TCP,10113,28544,1125,41,SYN,0
2026-06-28T15:40:32.576291+00:00,10.0.2.245,192.168.10.175,9296,443,TCP,3906,42321,1501,24,FIN,0
2026-06-28T15:40:25.497291+00:00,10.0.3.97,104.16.249.196,25072,5432,DNS,5190,42609,1142,16,SYN,0
2026-06-28T15:40:26.498291+00:00,192.168.1.235,10.0.3.200,15086,8080,HTTPS,11410,32231,820,8,SYN-ACK,1
2026-06-28T15:40:23.260291+00:00,192.168.1.24,8.8.8.171,36555,8080,DNS,14643,19697,646,46,SYN-ACK,0
2026-06-28T15:40:36.320291+00:00,10.0.2.204,192.168.1.8,38528,3306,DNS,7697,36192,532,40,SYN,0
2026-06-28T15:40:30.533291+00:00,192.168.1.136,1.1.1.197,64749,3306,UDP,10564,4900,1844,30,PSH-ACK,0
2026-06-28T15:40:25.116291+00:00,192.168.10.165,172.217.14.47,34978,53,TCP,5022,10830,664,21,SYN-ACK,0
2026-06-28T15:40:37.098291+00:00,10.0.1.66,45.33.32.163,41291,443,HTTP,8274,42047,691,38,PSH-ACK,0
2026-06-28T15:40:26.600291+00:00,192.168.10.88,172.217.14.11,18368,22,DNS,12605,37535,1707,40,SYN,1
2026-06-28T15:40:38.309291+00:00,10.0.3.125,192.168.1.78,46152,80,TCP,2629,28849,1703,31,FIN,0
2026-06-28T15:40:32.154291+00:00,10.0.3.222,10.0.3.251,50874,3306,UDP,8477,36848,435,21,SYN-ACK,1
2026-06-28T15:40:25.403291+00:00,10.0.2.38,10.0.3.244,28426,22,DNS,14217,10506,1342,37,ACK,0
2026-06-28T15:40:26.600291+00:00,192.168.10.121,104.16.249.226,62970,5432,TCP,8321,30005,987,14,PSH-ACK,0
2026-06-28T15:40:23.190291+00:00,192.168.1.154,104.16.249.74,9801,8080,HTTPS,11959,24011,1652,24,SYN,1
2026-06-28T15:40:34.592291+00:00,192.168.10.51,10.0.3.20,30538,8080,DNS,13561,40884,2787,40,SYN,0
2026-06-28T15:40:24.838291+00:00,10.0.3.144,10.0.2.52,3662,80,DNS,677,9020,2923,22,FIN,1
2026-06-28T15:40:26.704291+00:00,192.168.10.37,8.8.8.239,41426,8080,HTTPS,9767,22084,2078,33,PSH-ACK,1
2026-06-28T15:40:38.015291+00:00,10.0.3.123,203.0.113.95,39277,8080,HTTPS,13094,47574,2819,41,SYN,1
2026-06-28T15:40:37.670291+00:00,192.168.10.149,10.0.1.151,35380,5432,UDP,2461,44652,993,3,PSH-ACK,0
2026-06-28T15:40:28.278291+00:00,1.1.1.177,192.168.10.200,41097,5900,SSH,96342,9163,51253,120,SYN,0
2026-06-28T15:40:29.036291+00:00,192.168.1.136,10.0.2.119,24242,8080,DNS,10035,31771,788,16,ACK,0
2026-06-28T15:40:29.671291+00:00,10.0.3.199,10.0.2.178,32468,3306,HTTP,9223,47334,1121,19,SYN,1
2026-06-28T15:40:35.674291+00:00,10.0.2.76,10.0.1.90,50001,8443,HTTP,3545,13282,2207,18,PSH-ACK,0
2026-06-28T15:40:26.915291+00:00,192.168.10.63,45.33.32.13,7590,5432,TCP,5451,47052,1935,7,SYN-ACK,0
2026-06-28T15:40:41.280291+00:00,10.0.2.106,10.0.2.195,19728,80,HTTP,14915,5902,2672,37,SYN-ACK,0
2026-06-28T15:40:28.318291+00:00,10.0.2.241,192.168.1.203,62405,8080,UDP,14404,2495,38,20,PSH-ACK,0
2026-06-28T15:40:34.070291+00:00,192.168.10.136,10.0.2.219,13660,443,HTTP,5457,10689,2995,30,ACK,0
2026-06-28T15:40:22.807291+00:00,10.0.3.147,192.168.10.221,34793,3306,HTTPS,1461,26309,2742,7,SYN-ACK,1
2026-06-28T15:40:27.340291+00:00,10.0.2.3,10.0.2.116,20812,80,HTTP,4325,42879,1473,45,SYN-ACK,0
2026-06-28T15:40:26.720291+00:00,10.0.2.105,151.101.1.237,25111,22,HTTP,3630,8793,1959,10,FIN,0
2026-06-28T15:40:37.592291+00:00,192.168.1.195,151.101.1.206,58245,443,DNS,8649,29318,2164,46,ACK,0
2026-06-28T15:40:43.182291+00:00,192.168.10.233,151.101.1.52,22527,8443,UDP,1944,44623,842,46,PSH-ACK,1
2026-06-28T15:40:25.952291+00:00,192.168.1.209,10.0.2.133,37980,80,HTTPS,9195,30342,2756,20,SYN,1
2026-06-28T15:40:37.335291+00:00,10.0.1.192,10.0.1.13,46924,443,HTTP,8906,3988,283,31,SYN,0
2026-06-28T15:40:37.924291+00:00,10.0.2.198,192.168.1.116,6283,53,HTTPS,10747,22831,486,12,PSH-ACK,1
2026-06-28T15:40:37.490291+00:00,10.0.2.215,10.0.1.252,45162,5432,HTTPS,8755,24896,941,16,FIN,1
2026-06-28T15:40:35.864291+00:00,10.0.2.241,198.51.100.9,14529,443,UDP,1693,38964,138,29,PSH-ACK,0
2026-06-28T15:40:32.128291+00:00,192.168.1.114,45.33.32.139,34047,8080,UDP,3876,47980,2360,21,PSH-ACK,0
2026-06-28T15:40:31.940291+00:00,10.0.2.254,192.168.1.78,37509,53,TCP,10296,44522,1750,36,FIN,0
2026-06-28T15:40:36.278291+00:00,192.168.1.203,151.101.1.82,25695,53,HTTP,12400,35293,1940,16,SYN-ACK,0
2026-06-28T15:40:28.512291+00:00,10.0.1.145,1.1.1.248,16939,8080,HTTPS,3371,21684,2649,6,FIN,1
2026-06-28T15:40:37.472291+00:00,10.0.2.15,91.189.89.97,13355,22,TCP,7894,13729,1364,20,SYN,0
2026-06-28T15:40:30.532291+00:00,10.0.1.193,104.16.249.235,60997,22,HTTPS,9085,21117,1160,25,FIN,1
2026-06-28T15:40:44.270291+00:00,10.0.3.68,8.8.8.132,50938,3306,HTTPS,3368,24334,1282,27,SYN,1
2026-06-28T15:40:45.704291+00:00,10.0.2.6,192.168.10.150,11012,22,HTTP,5444,15114,1556,37,SYN-ACK,1
2026-06-28T15:40:45.270291+00:00,10.0.3.67,104.16.249.248,12116,53,HTTP,11841,35858,2001,12,PSH-ACK,0
2026-06-28T15:40:44.512291+00:00,203.0.113.196,10.0.2.217,42357,474,TCP,48,45,1,1,SYN,0
2026-06-28T15:40:43.901291+00:00,10.0.1.160,192.168.1.170,1457,5432,TCP,234,1136,2169,47,ACK,0
2026-06-28T15:40:24.080291+00:00,192.168.1.208,185.220.101.28,13602,8080,UDP,13396,23268,1095,26,SYN,0
2026-06-28T15:40:40.073291+00:00,10.0.2.180,45.33.32.77,27584,5432,TCP,6219,36261,1950,4,SYN,0
2026-06-28T15:40:26.942291+00:00,192.168.1.167,8.8.8.145,14879,8443,UDP,4481,3091,305,44,ACK,0
2026-06-28T15:40:30.925291+00:00,10.0.3.6,10.0.2.194,20637,53,TCP,9279,15799,2322,25,PSH-ACK,0
2026-06-28T15:40:39.712291+00:00,10.0.2.204,198.51.100.129,16237,443,HTTPS,5620,39700,2515,39,FIN,1
2026-06-28T15:40:37.385291+00:00,104.16.249.126,192.168.10.242,25627,5900,ICMP,90088,77791,48297,244,RST,0
2026-06-28T15:40:36.190291+00:00,10.0.1.23,91.189.89.40,21777,3306,HTTPS,1785,6037,22,20,FIN,1
2026-06-28T15:40:39.154291+00:00,10.0.1.35,192.168.1.116,2745,443,TCP,5838,36361,382,39,PSH-ACK,0
2026-06-28T15:40:40.304291+00:00,10.0.1.187,45.33.32.147,35175,80,TCP,137,0,0,1888,SYN,0
2026-06-28T15:40:35.382291+00:00,192.168.1.39,192.168.1.72,32758,443,HTTP,5956,16535,1011,47,FIN,0
2026-06-28T15:40:43.830291+00:00,10.0.3.3,192.168.10.99,22961,5432,HTTPS,13400,42706,2435,9,ACK,1
2026-06-28T15:40:38.012291+00:00,10.0.2.124,192.168.1.249,49184,8443,HTTP,9475,15927,1335,25,ACK,1
2026-06-28T15:40:40.036291+00:00,192.168.10.53,172.217.14.140,62822,22,HTTPS,7223,19132,2838,5,FIN,1
2026-06-28T15:40:46.061291+00:00,10.0.3.63,10.0.2.185,5871,8443,HTTPS,9836,31447,2385,26,PSH-ACK,1
2026-06-28T15:40:46.586291+00:00,192.168.1.141,203.0.113.203,51418,22,TCP,10814,43601,1455,11,PSH-ACK,0
2026-06-28T15:40:49.390291+00:00,192.168.1.249,8.8.8.248,17980,22,TCP,8406,48985,2125,36,PSH-ACK,0
2026-06-28T15:40:44.304291+00:00,192.168.1.199,192.168.10.40,32662,443,TCP,4880,27301,352,8,SYN-ACK,0
2026-06-28T15:40:38.273291+00:00,10.0.2.135,192.168.1.26,21924,443,HTTPS,4959,2968,2912,8,SYN,1
2026-06-28T15:40:39.826291+00:00,10.0.2.240,45.33.32.133,37714,5432,HTTP,7610,15234,1660,41,SYN-ACK,0
2026-06-28T15:40:44.080291+00:00,192.168.10.228,192.168.10.111,47209,22,TCP,3411,18281,2883,5,PSH-ACK,0
2026-06-28T15:40:49.100291+00:00,10.0.3.52,10.0.3.173,64326,3306,DNS,9820,25509,2504,26,PSH-ACK,0
2026-06-28T15:40:40.599291+00:00,192.168.1.160,185.220.101.209,21548,443,UDP,3948,20053,480,12,ACK,0
2026-06-28T15:40:48.200291+00:00,192.168.10.37,192.168.1.49,46468,53,DNS,9131,10975,2006,19,SYN-ACK,0
2026-06-28T15:40:39.230291+00:00,192.168.10.15,8.8.8.244,54449,5432,UDP,9240,33164,2675,32,FIN,1
2026-06-28T15:40:44.144291+00:00,192.168.1.127,185.220.101.22,3166,8080,HTTP,3723,35272,1183,11,FIN,1
2026-06-28T15:40:50.590291+00:00,192.168.10.31,192.168.10.212,54934,80,DNS,12491,47159,1808,35,SYN-ACK,1
2026-06-28T15:40:29.576291+00:00,10.0.2.78,203.0.113.116,57731,443,HTTPS,12747,15568,860,48,PSH-ACK,1
2026-06-28T15:40:41.433291+00:00,192.168.10.163,1.1.1.43,53809,80,UDP,9380,23031,2181,18,PSH-ACK,0
2026-06-28T15:40:40.256291+00:00,10.0.3.76,172.217.14.69,64120,5432,UDP,1011,18214,2687,9,SYN-ACK,0
2026-06-28T15:40:31.883291+00:00,10.0.2.196,10.0.2.149,25611,8443,HTTPS,1277,41565,382,26,PSH-ACK,1
2026-06-28T15:40:38.430291+00:00,10.0.3.118,104.16.249.84,42628,3306,HTTPS,13968,4190,2190,26,SYN-ACK,1
2026-06-28T15:40:45.809291+00:00,192.168.1.70,8.8.8.213,56888,8443,DNS,12955,22567,2796,49,SYN,0
2026-06-28T15:40:29.840291+00:00,192.168.1.6,10.0.2.114,63809,5432,TCP,3354,45167,541,42,ACK,0
2026-06-28T15:40:38.600291+00:00,10.0.3.66,10.0.2.15,48602,22,HTTP,7072,42997,374,46,SYN,0
2026-06-28T15:40:35.616291+00:00,10.0.2.153,45.33.32.133,54574,443,HTTP,14135,27716,2843,9,FIN,0
2026-06-28T15:40:36.500291+00:00,10.0.1.28,10.0.3.37,43070,53,UDP,1160,34807,2308,1,PSH-ACK,0
2026-06-28T15:40:47.192291+00:00,10.0.2.162,192.168.1.159,6705,443,UDP,2333,49352,505,38,FIN,0
2026-06-28T15:40:46.763291+00:00,10.0.2.65,10.0.1.65,56591,8080,TCP,3406,33971,2486,33,SYN-ACK,1
2026-06-28T15:40:40.190291+00:00,10.0.2.128,1.1.1.29,59267,80,DNS,5956,20780,541,25,PSH-ACK,1
2026-06-28T15:40:43.897291+00:00,10.0.2.197,104.16.249.245,18206,22,TCP,692,4002,1631,33,ACK,1
2026-06-28T15:40:47.040291+00:00,10.0.1.165,192.168.10.41,21334,443,TCP,8417,13356,637,35,ACK,1
2026-06-28T15:40:55.640291+00:00,10.0.1.81,1.1.1.187,61620,5432,TCP,1940,29752,2508,39,SYN,0
2026-06-28T15:40:34.428291+00:00,10.0.2.181,192.168.1.245,34920,8080,DNS,2775,24410,520,48,ACK,0
2026-06-28T15:40:27.011291+00:00,192.168.1.71,151.101.1.17,30855,3306,HTTPS,948,32782,2322,11,ACK,1
2026-06-28T15:40:33.800291+00:00,10.0.1.230,172.217.14.173,57299,80,TCP,4046,3053,1933,24,FIN,0
2026-06-28T15:40:34.915291+00:00,10.0.1.143,10.0.3.65,18801,443,HTTP,9404,24472,490,33,SYN,0
2026-06-28T15:40:37.482291+00:00,10.0.1.246,192.168.1.223,22473,443,HTTP,9101,29973,33,24,SYN-ACK,0
2026-06-28T15:40:55.598291+00:00,192.168.10.64,192.168.10.250,49026,22,UDP,2506,457,1680,2,SYN-ACK,0
2026-06-28T15:40:26.256291+00:00,10.0.1.196,1.1.1.218,65453,22,DNS,6918,32285,246,10,ACK,0
2026-06-28T15:40:28.189291+00:00,192.168.10.107,8.8.8.118,9773,5432,DNS,1266,38830,2326,4,FIN,0
2026-06-28T15:40:38.540291+00:00,10.0.3.239,10.0.3.83,16333,443,HTTP,3361,8960,2395,7,SYN-ACK,0
2026-06-28T15:40:34.852291+00:00,10.0.3.106,198.51.100.138,21229,8443,HTTPS,4381,7898,371,11,ACK,1
2026-06-28T15:40:28.160291+00:00,10.0.3.39,10.0.2.249,34674,80,HTTPS,11134,19624,1066,12,SYN,1
2026-06-28T15:40:48.029291+00:00,192.168.10.193,151.101.1.64,8983,80,UDP,1050,14607,536,13,FIN,0
2026-06-28T15:40:30.634291+00:00,10.0.3.236,10.0.1.52,7051,3306,UDP,2047,2838,1889,4,SYN-ACK,1
2026-06-28T15:40:47.905291+00:00,192.168.1.176,1.1.1.45,19364,8443,HTTP,14514,9780,142,40,PSH-ACK,0
2026-06-28T15:40:42.440291+00:00,192.168.10.124,203.0.113.23,14095,22,HTTPS,10374,35669,80,25,ACK,1
2026-06-28T15:40:52.764291+00:00,192.168.1.90,10.0.3.101,2732,3306,UDP,9823,14393,121,50,ACK,0
2026-06-28T15:40:52.500291+00:00,192.168.10.61,185.220.101.26,35999,80,HTTP,12558,14419,2359,25,ACK,0
2026-06-28T15:40:36.245291+00:00,10.0.3.208,192.168.10.9,37960,53,DNS,9265,12376,2017,35,ACK,0
2026-06-28T15:40:53.940291+00:00,10.0.2.7,10.0.1.86,61179,413,TCP,56,21,5,1,RST,0
2026-06-28T15:40:29.805291+00:00,192.168.1.152,198.51.100.87,20800,8443,HTTPS,1821238,3678,1721,1509,PSH-ACK,1
2026-06-28T15:40:54.068291+00:00,10.0.2.183,192.168.10.203,44640,53,UDP,6239,20147,2821,19,SYN-ACK,0
2026-06-28T15:40:26.590291+00:00,192.168.10.102,10.0.2.156,15500,443,DNS,8169,9257,1357,48,SYN,0
2026-06-28T15:40:46.352291+00:00,10.0.2.164,198.51.100.211,14765,22,HTTP,11396,4482,1436,17,SYN,0
2026-06-28T15:40:29.390291+00:00,192.168.1.250,192.168.1.128,36808,5432,HTTP,1701,31463,2368,42,SYN-ACK,0
2026-06-28T15:40:52.730291+00:00,10.0.1.77,203.0.113.82,23424,53,TCP,14587,24646,660,47,SYN,0
2026-06-28T15:40:46.312291+00:00,192.168.10.230,104.16.249.181,59334,5432,DNS,2613,3549,415,22,SYN-ACK,0
2026-06-28T15:40:50.552291+00:00,192.168.10.69,91.189.89.77,38495,8443,HTTPS,2556,3612,1478,1,FIN,1
2026-06-28T15:40:31.928291+00:00,192.168.10.124,45.33.32.25,65056,443,HTTP,7798,7609,1264,26,FIN,1
2026-06-28T15:40:42.350291+00:00,192.168.10.101,185.220.101.95,3948,8080,HTTPS,7244,30518,1079,15,ACK,1
2026-06-28T15:41:00.254291+00:00,10.0.1.23,8.8.8.207,5020,5432,DNS,13448,34287,1715,35,FIN,0
2026-06-28T15:40:55.112291+00:00,192.168.1.233,203.0.113.129,63234,8443,TCP,2872,10995,868,13,SYN-ACK,0
2026-06-28T15:40:52.254291+00:00,192.168.1.53,192.168.10.68,6727,5432,TCP,9155,26081,2262,21,ACK,1
2026-06-28T15:40:27.842291+00:00,192.168.10.152,192.168.1.30,10736,443,UDP,1770,36916,414,19,PSH-ACK,0
2026-06-28T15:40:51.865291+00:00,192.168.1.148,10.0.1.46,10451,5432,HTTPS,675,25978,1358,45,SYN-ACK,1
2026-06-28T15:40:30.072291+00:00,10.0.3.231,10.0.3.211,19396,8443,HTTP,14101,45665,2806,7,SYN-ACK,0
2026-06-28T15:40:45.302291+00:00,192.168.1.200,8.8.8.69,29972,22,UDP,13539,26724,1985,49,PSH-ACK,0
2026-06-28T15:40:30.672291+00:00,10.0.2.18,91.189.89.182,58651,80,DNS,2886,12672,823,4,SYN-ACK,0
2026-06-28T15:40:55.114291+00:00,10.0.3.182,10.0.3.212,27038,443,DNS,11200,2042,991,24,FIN,1
2026-06-28T15:40:38.240291+00:00,192.168.1.152,10.0.3.43,19706,80,TCP,6373,3293,668,37,SYN-ACK,0
2026-06-28T15:40:41.227291+00:00,10.0.3.168,1.1.1.132,60761,53,HTTPS,10646,11390,2463,1,SYN-ACK,1
2026-06-28T15:40:43.028291+00:00,10.0.3.184,192.168.1.220,17538,22,HTTPS,7686,19841,2774,34,PSH-ACK,1
2026-06-28T15:40:52.133291+00:00,10.0.1.132,192.168.10.157,45877,443,HTTP,7932,4223,1378,18,ACK,0
2026-06-28T15:40:43.744291+00:00,10.0.3.50,185.220.101.133,27506,3306,DNS,11193,9210,2955,2,FIN,0
2026-06-28T15:40:43.860291+00:00,192.168.1.101,203.0.113.150,48639,22,HTTP,11284,35077,2615,31,ACK,0
2026-06-28T15:40:38.318291+00:00,192.168.10.48,192.168.1.34,51022,53,DNS,11176,22036,2681,6,SYN-ACK,0
2026-06-28T15:40:41.869291+00:00,10.0.3.109,10.0.3.151,56809,443,HTTPS,7749,3557,2599,38,PSH-ACK,1
2026-06-28T15:40:32.304291+00:00,10.0.2.130,192.168.1.137,4567,53,HTTPS,2290,13166,1404,27,PSH-ACK,1
2026-06-28T15:40:57.023291+00:00,10.0.2.201,198.51.100.125,42606,80,HTTP,117,29665,1121,14,SYN-ACK,0
2026-06-28T15:40:59.190291+00:00,10.0.1.35,192.168.1.105,26145,80,HTTPS,658,35021,817,47,ACK,1
2026-06-28T15:40:28.743291+00:00,192.168.10.50,203.0.113.174,46474,3306,UDP,5153,8489,421,25,PSH-ACK,0
2026-06-28T15:40:38.624291+00:00,10.0.1.78,192.168.10.154,59218,53,HTTPS,5655,32164,1472,49,SYN-ACK,1
2026-06-28T15:40:38.716291+00:00,192.168.1.6,45.33.32.58,34095,53,DNS,2057,24064,2913,42,SYN,1
2026-06-28T15:40:44.650291+00:00,192.168.10.14,172.217.14.13,46227,443,TCP,6868,29158,1558,8,PSH-ACK,0
2026-06-28T15:40:59.045291+00:00,10.0.2.179,203.0.113.78,18717,53,DNS,6902,6915,2096,47,PSH-ACK,0
2026-06-28T15:40:46.672291+00:00,10.0.1.129,10.0.2.201,64798,22,DNS,5904,46140,1679,19,SYN-ACK,0
2026-06-28T15:41:04.270291+00:00,10.0.2.178,104.16.249.85,60457,443,TCP,13724,37667,2741,32,SYN-ACK,0
2026-06-28T15:41:01.880291+00:00,10.0.1.233,10.0.2.118,31450,80,HTTP,1675,11489,162,19,ACK,0
2026-06-28T15:40:56.621291+00:00,10.0.1.219,203.0.113.3,24454,8443,HTTP,10227,17623,381,24,ACK,0
2026-06-28T15:40:35.980291+00:00,192.168.1.71,192.168.1.206,8433,53,UDP,11446,47646,241,11,SYN,1
2026-06-28T15:41:00.593291+00:00,192.168.1.48,172.217.14.98,32683,8443,UDP,1890,26993,1806,3,SYN,0
2026-06-28T15:40:49.500291+00:00,192.168.1.171,45.33.32.124,23683,53,DNS,1747003,4673,1926,1455,PSH-ACK,1
2026-06-28T15:40:32.009291+00:00,192.168.1.84,45.33.32.85,64603,8443,HTTPS,4752431,1924,1227,1517,PSH-ACK,1
2026-06-28T15:40:53.984291+00:00,10.0.2.22,104.16.249.114,30323,3306,HTTPS,1984,32635,2677,2,SYN,1
2026-06-28T15:40:55.985291+00:00,192.168.10.142,10.0.1.204,37877,22,DNS,10764,44045,1869,22,ACK,0
2026-06-28T15:40:43.902291+00:00,10.0.3.145,192.168.1.185,8496,443,HTTPS,12480,43222,909,1,ACK,1
2026-06-28T15:40:52.820291+00:00,10.0.3.142,151.101.1.96,10228,5432,HTTPS,1792,16705,2503,13,SYN-ACK,1
2026-06-28T15:40:36.880291+00:00,192.168.1.57,10.0.2.185,50644,5432,TCP,801,41540,2754,38,SYN,1
2026-06-28T15:41:00.363291+00:00,192.168.10.36,104.16.249.2,62320,5432,DNS,13783,38386,1979,33,SYN-ACK,0
2026-06-28T15:40:37.580291+00:00,192.168.10.157,8.8.8.130,27098,3306,HTTP,4859,29717,547,9,FIN,0
2026-06-28T15:41:06.930291+00:00,192.168.10.163,10.0.2.161,61395,53,HTTP,11679,42644,729,33,PSH-ACK,0
2026-06-28T15:40:36.928291+00:00,192.168.10.124,192.168.1.174,53997,80,HTTPS,8604,7017,104,25,SYN-ACK,1
2026-06-28T15:40:32.639291+00:00,10.0.2.70,10.0.3.176,56033,80,UDP,11354,19382,836,49,PSH-ACK,0
2026-06-28T15:40:54.074291+00:00,10.0.1.159,10.0.2.192,34507,8080,UDP,11393,43588,193,25,FIN,1
2026-06-28T15:40:51.190291+00:00,10.0.1.5,192.168.10.224,60759,3306,UDP,12411,38600,2239,48,PSH-ACK,0
2026-06-28T15:40:42.764291+00:00,10.0.2.253,198.51.100.48,3687,5432,HTTPS,4612,36517,1083,9,SYN-ACK,1
2026-06-28T15:41:10.563291+00:00,10.0.1.86,104.16.249.182,40141,80,HTTP,12715,41024,2522,43,ACK,1
2026-06-28T15:41:09.928291+00:00,10.0.1.202,8.8.8.135,5492,53,DNS,6854,35631,2200,26,SYN,0
2026-06-28T15:40:45.014291+00:00,10.0.3.86,10.0.2.245,55005,80,DNS,1919,43879,1418,29,SYN-ACK,0
2026-06-28T15:40:32.240291+00:00,10.0.3.99,10.0.3.140,60749,3306,TCP,8466,33380,1826,32,SYN,0
2026-06-28T15:40:43.259291+00:00,10.0.1.244,198.51.100.43,14837,22,TCP,14211,44958,1738,7,SYN-ACK,1
2026-06-28T15:40:34.616291+00:00,10.0.2.8,104.16.249.184,4580,53,TCP,13052,16549,2286,5,PSH-ACK,0
2026-06-28T15:40:48.268291+00:00,192.168.1.163,10.0.3.6,36074,80,TCP,10549,47244,2533,5,PSH-ACK,0
2026-06-28T15:40:34.752291+00:00,192.168.10.29,91.189.89.202,51177,8443,HTTP,6289,25934,2707,2,FIN,0
2026-06-28T15:41:08.450291+00:00,192.168.1.205,10.0.2.78,37299,53,TCP,2059,2777,21,37,PSH-ACK,1
2026-06-28T15:41:08.922291+00:00,10.0.1.80,10.0.3.56,10359,53,DNS,3054,14509,2527,17,SYN-ACK,0
2026-06-28T15:40:42.992291+00:00,192.168.10.220,203.0.113.218,45043,443,HTTP,4147,6475,809,47,PSH-ACK,1
2026-06-28T15:40:54.032291+00:00,10.0.2.27,91.189.89.159,32865,8443,HTTP,5419,40432,2701,20,PSH-ACK,0
2026-06-28T15:41:11.506291+00:00,10.0.3.247,1.1.1.44,47698,5432,UDP,4573,23599,551,44,ACK,1
2026-06-28T15:41:04.160291+00:00,10.0.3.126,151.101.1.28,57300,53,HTTP,14643,35338,805,17,SYN,0
2026-06-28T15:40:31.154291+00:00,10.0.1.210,172.217.14.149,37173,8080,TCP,8944,35408,1934,42,SYN-ACK,0
2026-06-28T15:40:59.240291+00:00,192.168.10.189,91.189.89.35,24870,80,HTTPS,10897,15695,2516,44,SYN-ACK,1
2026-06-28T15:41:08.473291+00:00,10.0.2.47,172.217.14.243,62573,3306,HTTPS,702,14380,1998,15,SYN,1
2026-06-28T15:40:49.838291+00:00,10.0.1.173,10.0.3.101,58797,80,HTTPS,693,42541,1328,7,PSH-ACK,1
2026-06-28T15:40:50.840291+00:00,10.0.3.150,10.0.2.98,39538,443,HTTP,8505,16527,1542,15,PSH-ACK,1
2026-06-28T15:40:56.880291+00:00,10.0.3.126,104.16.249.228,11877,22,HTTPS,1303,33760,2636,18,SYN-ACK,1
2026-06-28T15:40:41.576291+00:00,10.0.3.156,10.0.2.108,32580,8443,TCP,7888,13848,2420,11,FIN,0
2026-06-28T15:40:48.816291+00:00,10.0.2.68,185.220.101.133,63823,8443,HTTPS,2877789,802,543,1119,PSH-ACK,1
2026-06-28T15:41:06.270291+00:00,10.0.2.58,1.1.1.154,44254,8080,DNS,2787,47500,2809,22,FIN,0
2026-06-28T15:40:47.840291+00:00,10.0.2.29,192.168.10.222,40706,443,UDP,2946,31226,2519,39,SYN,0
2026-06-28T15:40:37.413291+00:00,10.0.2.232,10.0.1.231,28593,3306,DNS,14373,2886,2858,34,FIN,0
2026-06-28T15:41:07.686291+00:00,192.168.1.91,192.168.10.27,17704,8443,UDP,12587,15277,344,19,PSH-ACK,1
2026-06-28T15:40:50.285291+00:00,10.0.1.149,192.168.10.3,46097,3306,UDP,6738,23781,437,10,FIN,0
2026-06-28T15:40:50.704291+00:00,192.168.1.146,10.0.3.176,28105,8443,UDP,2968,24302,2291,36,FIN,0
2026-06-28T15:40:54.480291+00:00,192.168.1.190,185.220.101.219,52345,53,HTTPS,1682,14094,2083,26,ACK,1
2026-06-28T15:41:13.580291+00:00,10.0.1.43,1.1.1.247,31935,5432,UDP,1484,4239,1078,15,ACK,0
2026-06-28T15:40:33.553291+00:00,192.168.1.159,151.101.1.74,29792,80,HTTPS,3344,43089,2123,19,SYN-ACK,1
2026-06-28T15:40:33.304291+00:00,192.168.10.134,45.33.32.158,16703,80,HTTP,2619,5731,1131,50,FIN,0
2026-06-28T15:41:02.099291+00:00,10.0.2.134,203.0.113.189,19668,3306,DNS,5733,18161,927,39,SYN-ACK,1
2026-06-28T15:41:02.870291+00:00,10.0.3.46,1.1.1.130,20308,3306,DNS,1957,33678,1056,35,PSH-ACK,0
2026-06-28T15:41:06.133291+00:00,192.168.10.125,10.0.3.248,59778,80,HTTPS,7936,7659,1057,5,FIN,1
2026-06-28T15:40:48.512291+00:00,10.0.2.206,8.8.8.106,17293,8080,HTTP,1563,26184,2760,48,ACK,0
2026-06-28T15:41:15.223291+00:00,192.168.1.82,8.8.8.56,33726,22,UDP,3887,48237,992,17,SYN-ACK,0
2026-06-28T15:40:47.154291+00:00,192.168.10.93,185.220.101.200,41251,80,HTTPS,12561,35526,174,31,ACK,1
2026-06-28T15:40:56.390291+00:00,192.168.10.224,10.0.2.254,15579,53,HTTPS,927,34494,1734,31,PSH-ACK,1
2026-06-28T15:40:33.768291+00:00,192.168.1.222,10.0.1.180,46192,80,HTTP,233,44218,864,25,PSH-ACK,0
2026-06-28T15:40:57.601291+00:00,10.0.3.49,10.0.2.70,23509,3306,DNS,3053,32727,1737,14,FIN,0
2026-06-28T15:41:00.914291+00:00,10.0.3.117,185.220.101.147,48263,8080,TCP,13214,15493,2275,28,FIN,0
2026-06-28T15:40:43.193291+00:00,10.0.2.123,203.0.113.46,36019,3306,DNS,12906,31931,1229,17,PSH-ACK,0
2026-06-28T15:41:03.760291+00:00,10.0.2.17,45.33.32.209,49821,3306,HTTPS,4296,23696,1476,36,PSH-ACK,1
2026-06-28T15:40:52.355291+00:00,192.168.1.33,8.8.8.223,24296,3306,HTTP,11069,33492,1997,50,FIN,0
2026-06-28T15:41:02.774291+00:00,192.168.1.163,10.0.2.165,42395,5432,HTTPS,13948,4715,325,11,ACK,1
2026-06-28T15:40:50.324291+00:00,10.0.3.183,192.168.1.71,50038,8443,HTTP,6822,11005,754,2,SYN-ACK,0
2026-06-28T15:40:52.376291+00:00,10.0.1.55,185.220.101.102,36966,80,HTTPS,471,26058,2147,49,SYN,1
2026-06-28T15:40:40.140291+00:00,10.0.2.23,10.0.2.65,42081,53,HTTPS,2190,34560,699,2,SYN,1
2026-06-28T15:41:01.406291+00:00,10.0.3.223,192.168.10.241,30177,53,DNS,11469,35382,726,38,PSH-ACK,1
2026-06-28T15:41:18.878291+00:00,192.168.10.81,8.8.8.124,21200,3306,HTTPS,6793,17066,638,20,SYN,1
2026-06-28T15:40:31.840291+00:00,10.0.2.90,192.168.10.4,20659,80,HTTPS,12588,28249,1200,39,SYN-ACK,1
2026-06-28T15:40:32.219291+00:00,10.0.2.107,151.101.1.112,55315,5432,HTTPS,3654,17274,325,28,SYN-ACK,1
2026-06-28T15:41:15.500291+00:00,192.168.10.208,192.168.10.209,13344,443,HTTPS,3028,8993,1187,8,FIN,1
2026-06-28T15:41:10.055291+00:00,192.168.10.127,45.33.32.83,2474,53,DNS,1715,18528,1103,9,FIN,0
2026-06-28T15:40:51.628291+00:00,10.0.1.128,192.168.1.81,31412,80,HTTP,5450,5297,599,4,ACK,1
2026-06-28T15:40:38.084291+00:00,10.0.2.51,91.189.89.210,64895,22,TCP,6344,29069,1013,48,SYN,0
2026-06-28T15:41:11.218291+00:00,10.0.1.135,192.168.1.176,11418,80,HTTP,12241,36057,2134,8,ACK,1
2026-06-28T15:40:57.650291+00:00,10.0.1.223,10.0.1.62,2011,53,HTTP,13055,18134,2395,8,FIN,0
2026-06-28T15:40:32.912291+00:00,192.168.10.202,192.168.10.41,17324,53,TCP,8230,6030,2810,40,ACK,0
2026-06-28T15:40:37.345291+00:00,10.0.2.181,10.0.1.34,21781,3306,UDP,13237,28791,791,2,FIN,0
2026-06-28T15:40:43.832291+00:00,10.0.1.126,10.0.3.140,38163,53,UDP,8946,22824,1326,47,FIN,0
2026-06-28T15:41:20.189291+00:00,192.168.10.41,10.0.3.140,1071,5432,HTTPS,12060,12199,77,40,ACK,1
2026-06-28T15:40:53.180291+00:00,10.0.1.170,192.168.1.50,11125,8080,DNS,5325,26896,2626,21,SYN,0
2026-06-28T15:41:17.843291+00:00,10.0.1.215,185.220.101.46,13581,443,HTTPS,561,37461,2629,25,FIN,1
2026-06-28T15:41:18.368291+00:00,192.168.10.67,203.0.113.94,61986,22,TCP,10783,32244,328,30,SYN,0
2026-06-28T15:41:21.296291+00:00,192.168.1.212,10.0.1.212,3688,443,DNS,13711,19956,320,14,PSH-ACK,0
2026-06-28T15:40:41.240291+00:00,192.168.10.100,45.33.32.50,42005,53,DNS,9189,49139,2287,27,SYN,0
2026-06-28T15:41:13.055291+00:00,192.168.1.228,10.0.2.142,23143,53,DNS,8787,39356,1815,23,ACK,0
2026-06-28T15:41:05.610291+00:00,192.168.1.213,8.8.8.156,51205,8080,HTTPS,5938,29688,1833,26,SYN,1
2026-06-28T15:40:35.566291+00:00,192.168.10.6,10.0.3.3,15102,3306,UDP,395,45241,1131,36,PSH-ACK,0
2026-06-28T15:40:41.192291+00:00,10.0.3.95,45.33.32.60,17817,3389,ICMP,75774,53402,42294,161,SYN,0
2026-06-28T15:40:39.521291+00:00,192.168.1.46,104.16.249.212,43114,8080,DNS,652,47933,2361,25,SYN,0
2026-06-28T15:41:02.690291+00:00,192.168.1.108,198.51.100.223,4571,8080,HTTPS,8631,2738,1308,35,PSH-ACK,1
2026-06-28T15:40:46.328291+00:00,10.0.2.41,192.168.1.250,38723,443,DNS,3678,28347,1187,26,SYN-ACK,0
2026-06-28T15:41:03.312291+00:00,192.168.10.192,203.0.113.141,33911,5432,HTTPS,12718,45775,535,49,SYN-ACK,1
2026-06-28T15:41:16.509291+00:00,192.168.1.103,172.217.14.51,5719,8080,UDP,12766,28224,1325,44,PSH-ACK,0
2026-06-28T15:40:43.052291+00:00,192.168.1.95,8.8.8.49,12116,3306,HTTP,10136,29020,2553,10,FIN,0
2026-06-28T15:40:54.135291+00:00,10.0.3.41,198.51.100.29,1924,3306,HTTP,11407,7332,1250,29,FIN,0
2026-06-28T15:41:03.144291+00:00,192.168.10.56,192.168.10.194,32679,53,DNS,11428,45833,2738,2,FIN,0
2026-06-28T15:40:56.495291+00:00,10.0.3.53,172.217.14.70,26494,8080,TCP,10902,43300,1476,7,SYN,0
2026-06-28T15:41:08.424291+00:00,192.168.1.132,198.51.100.232,14057,8443,UDP,9226,46732,89,3,SYN-ACK,0
2026-06-28T15:41:03.905291+00:00,10.0.2.6,10.0.3.92,65134,8080,UDP,13342,4103,2564,17,FIN,0
2026-06-28T15:41:24.560291+00:00,10.0.2.40,8.8.8.230,48858,5432,TCP,8571,44473,2509,41,SYN-ACK,1
2026-06-28T15:40:55.511291+00:00,192.168.1.250,192.168.10.86,9659,22,DNS,10730,9121,2380,35,SYN-ACK,0
2026-06-28T15:41:02.138291+00:00,192.168.10.234,185.220.101.111,5468,443,HTTP,3056,20854,597,47,SYN,0
2026-06-28T15:41:11.705291+00:00,10.0.3.115,91.189.89.39,2740,8080,UDP,9962,37201,2509,15,PSH-ACK,0
2026-06-28T15:40:55.116291+00:00,10.0.3.22,192.168.10.218,13081,5432,HTTP,8091,31094,564,11,SYN-ACK,0
2026-06-28T15:40:36.610291+00:00,10.0.1.238,91.189.89.244,5358,53,UDP,7237,40479,2007,45,ACK,1
2026-06-28T15:40:56.798291+00:00,10.0.1.157,1.1.1.185,8188,8443,DNS,7525,2819,1007,34,PSH-ACK,1
2026-06-28T15:40:37.460291+00:00,192.168.10.197,10.0.3.114,51727,8080,HTTP,7598,10950,1731,19,PSH-ACK,0
2026-06-28T15:41:22.416291+00:00,192.168.1.214,104.16.249.24,62486,53,DNS,6480,27143,1325,29,SYN,0
2026-06-28T15:41:16.694291+00:00,10.0.2.227,104.16.249.24,7000,443,TCP,11610,29491,2598,24,SYN,1
2026-06-28T15:41:22.040291+00:00,10.0.2.98,151.101.1.98,38084,53,HTTP,2696,9516,733,50,SYN,1
2026-06-28T15:41:02.928291+00:00,192.168.1.75,185.220.101.31,41824,8080,TCP,240,30097,2039,32,PSH-ACK,0
2026-06-28T15:41:20.912291+00:00,192.168.10.170,104.16.249.117,40352,80,DNS,4049,35910,1140,40,PSH-ACK,0
2026-06-28T15:40:38.566291+00:00,10.0.1.169,8.8.8.10,55944,8080,DNS,5464,5787,201,7,FIN,0
2026-06-28T15:40:49.474291+00:00,192.168.10.171,192.168.10.47,24629,80,DNS,1565,19654,1323,24,FIN,0
2026-06-28T15:41:15.065291+00:00,10.0.1.76,10.0.1.179,35564,5432,HTTP,8635,13792,2851,14,PSH-ACK,0
2026-06-28T15:40:44.392291+00:00,192.168.10.254,192.168.10.241,40925,3306,HTTPS,4294,34472,2356,40,ACK,1
2026-06-28T15:40:46.731291+00:00,192.168.1.135,104.16.249.127,65200,22,HTTP,65,7786,99,30,SYN,0
2026-06-28T15:41:14.408291+00:00,10.0.3.91,151.101.1.207,17697,443,HTTP,5082,19719,2076,36,ACK,0
2026-06-28T15:40:45.381291+00:00,10.0.3.103,172.217.14.158,22684,3306,UDP,11057,31438,1944,3,SYN-ACK,1
2026-06-28T15:40:49.260291+00:00,192.168.10.231,8.8.8.119,20641,3306,DNS,9136,35159,77,14,PSH-ACK,0
2026-06-28T15:41:08.780291+00:00,10.0.2.73,203.0.113.87,40718,5432,DNS,3110,39046,479,49,ACK,0
2026-06-28T15:40:37.596291+00:00,10.0.1.129,192.168.1.214,35436,8080,UDP,2907,7395,1533,3,SYN-ACK,0
2026-06-28T15:41:17.869291+00:00,192.168.1.233,10.0.2.89,21363,3306,DNS,2387,6479,2115,44,SYN-ACK,0
2026-06-28T15:40:38.096291+00:00,192.168.10.31,203.0.113.80,31621,80,HTTP,1729,34156,2700,48,ACK,0
2026-06-28T15:41:31.285291+00:00,10.0.2.84,10.0.3.72,45006,443,HTTPS,4507,9825,646,18,SYN,1
2026-06-28T15:40:35.898291+00:00,192.168.10.133,192.168.10.91,10301,8080,HTTP,9445,16084,702,5,ACK,0
2026-06-28T15:41:28.196291+00:00,10.0.2.9,10.0.1.29,6667,5432,TCP,6461,11769,2887,39,PSH-ACK,1
2026-06-28T15:41:10.148291+00:00,10.0.2.184,151.101.1.21,54295,8443,TCP,1633,29897,1272,44,FIN,1
2026-06-28T15:40:57.841291+00:00,10.0.2.222,172.217.14.67,52717,3306,HTTP,7466,31989,124,5,FIN,0
2026-06-28T15:41:09.650291+00:00,10.0.2.74,8.8.8.155,54603,443,HTTPS,5379,36487,2661,5,ACK,1
2026-06-28T15:41:28.166291+00:00,192.168.10.107,45.33.32.159,26177,443,HTTPS,5622,13687,2843,38,FIN,1
2026-06-28T15:41:18.552291+00:00,10.0.3.141,10.0.1.191,39832,8443,TCP,5370,36418,400,29,SYN-ACK,0
2026-06-28T15:41:15.569291+00:00,10.0.1.177,192.168.1.85,6957,22,TCP,13426,9144,2379,49,SYN,0
2026-06-28T15:40:50.112291+00:00,10.0.3.101,172.217.14.148,20667,8080,HTTP,7162,47081,1411,6,PSH-ACK,0
2026-06-28T15:41:26.540291+00:00,10.0.2.220,91.189.89.16,47119,3306,TCP,1837,18534,128,16,FIN,1
2026-06-28T15:41:07.316291+00:00,192.168.1.99,1.1.1.140,10138,22,HTTPS,9140,25244,1476,27,SYN-ACK,1
2026-06-28T15:41:04.271291+00:00,10.0.2.36,10.0.1.38,64919,53,HTTPS,1427,9032,2631,27,FIN,1
2026-06-28T15:41:18.324291+00:00,192.168.1.132,192.168.1.100,13200,5432,UDP,9945,526,2368,32,SYN-ACK,0
2026-06-28T15:41:17.285291+00:00,192.168.10.95,10.0.1.147,8440,8443,HTTP,11353,5287,582,47,PSH-ACK,0
2026-06-28T15:41:23.040291+00:00,192.168.10.229,172.217.14.23,53328,8080,DNS,10084,3498,1408,35,SYN,1
2026-06-28T15:41:22.006291+00:00,192.168.1.148,10.0.3.247,12001,80,HTTP,11427,39206,1246,47,PSH-ACK,0
2026-06-28T15:40:41.570291+00:00,192.168.10.45,172.217.14.14,32793,443,HTTP,2117,33174,315,18,ACK,0
2026-06-28T15:41:04.203291+00:00,10.0.3.5,198.51.100.155,25257,53,HTTPS,4320,45965,968,32,SYN-ACK,1
2026-06-28T15:41:30.180291+00:00,10.0.3.253,198.51.100.248,50356,5432,HTTPS,12661,25151,975,43,FIN,1
2026-06-28T15:40:52.700291+00:00,10.0.3.15,91.189.89.194,27156,8443,HTTPS,4977,31252,2182,15,FIN,1
2026-06-28T15:41:15.934291+00:00,10.0.2.137,10.0.3.239,45489,3306,HTTPS,8727,44792,169,7,PSH-ACK,1
2026-06-28T15:41:12.420291+00:00,192.168.1.158,91.189.89.86,43907,5432,HTTP,7594,44295,991,47,PSH-ACK,0
2026-06-28T15:41:30.104291+00:00,10.0.2.82,151.101.1.3,27975,443,TCP,8645,6849,2808,29,ACK,0
2026-06-28T15:41:05.338291+00:00,10.0.1.8,172.217.14.24,42841,443,DNS,11641,7902,354,39,SYN-ACK,1
2026-06-28T15:41:34.980291+00:00,10.0.2.231,10.0.2.66,44309,443,HTTPS,10505,29756,1133,50,FIN,1
2026-06-28T15:41:09.692291+00:00,10.0.1.72,203.0.113.98,63650,8080,HTTP,2955,28913,285,32,SYN-ACK,1
2026-06-28T15:40:54.580291+00:00,10.0.1.38,151.101.1.197,47908,8080,HTTPS,1732,2324,299,5,PSH-ACK,1
2026-06-28T15:41:02.522291+00:00,10.0.1.231,104.16.249.39,18485,53,HTTPS,11509,21655,1603,37,SYN,1
2026-06-28T15:41:30.374291+00:00,192.168.1.124,1.1.1.104,26217,8443,TCP,2025,37214,2193,23,ACK,0
2026-06-28T15:41:18.520291+00:00,10.0.1.95,10.0.3.22,43477,22,HTTP,2933,36378,162,25,SYN-ACK,0
2026-06-28T15:41:17.424291+00:00,10.0.3.126,198.51.100.227,3363,22,UDP,455,47208,2429,16,FIN,1
2026-06-28T15:40:42.962291+00:00,10.0.3.129,151.101.1.248,23259,80,TCP,5573,47292,176,26,SYN,0
2026-06-28T15:41:31.934291+00:00,192.168.10.40,172.217.14.60,43873,80,HTTPS,7760,40565,188,16,SYN-ACK,1
2026-06-28T15:40:37.647291+00:00,10.0.1.233,91.189.89.211,5215,443,DNS,1910,32620,2438,40,SYN-ACK,0
2026-06-28T15:40:57.860291+00:00,192.168.1.85,198.51.100.250,55840,22,HTTP,12561,3027,2430,12,ACK,0
2026-06-28T15:40:49.120291+00:00,192.168.1.45,8.8.8.142,3691,53,DNS,1677,41471,2509,25,SYN-ACK,0
2026-06-28T15:41:28.868291+00:00,10.0.1.47,192.168.10.229,46473,8443,HTTPS,11383,8356,845,10,ACK,1
2026-06-28T15:41:32.849291+00:00,10.0.2.242,185.220.101.157,41135,443,HTTPS,10315,19779,1425,27,SYN,1
2026-06-28T15:41:36.848291+00:00,10.0.1.254,10.0.1.160,34286,22,DNS,7645,41095,2701,14,ACK,0
2026-06-28T15:40:57.515291+00:00,10.0.2.177,104.16.249.128,43285,3306,TCP,4710,13775,1781,17,ACK,1
2026-06-28T15:40:41.426291+00:00,10.0.1.238,151.101.1.46,34768,443,HTTPS,1200,15460,2955,29,PSH-ACK,1
2026-06-28T15:41:39.986291+00:00,10.0.2.193,8.8.8.59,16563,5432,TCP,14292,13144,1539,15,SYN,1
2026-06-28T15:41:40.612291+00:00,192.168.1.39,45.33.32.238,25500,53,HTTPS,7539,47214,796,41,ACK,1
2026-06-28T15:41:06.491291+00:00,10.0.2.10,172.217.14.16,31077,5432,HTTPS,2844,49869,1408,15,ACK,1
2026-06-28T15:40:54.140291+00:00,192.168.10.233,185.220.101.148,28004,8443,TCP,14166,14224,2424,31,FIN,0
2026-06-28T15:40:38.283291+00:00,10.0.2.65,8.8.8.112,59891,80,DNS,6884,2938,165,31,PSH-ACK,0
2026-06-28T15:41:23.696291+00:00,192.168.1.209,198.51.100.116,50377,80,DNS,11396,47998,1666,14,SYN-ACK,0
2026-06-28T15:41:09.565291+00:00,10.0.1.6,10.0.3.43,49998,80,DNS,7492,30433,568,46,FIN,0
2026-06-28T15:41:17.936291+00:00,10.0.1.222,198.51.100.99,28935,8080,HTTP,11476,40180,2222,37,SYN-ACK,0
2026-06-28T15:41:14.165291+00:00,10.0.1.133,10.0.1.30,31521,80,HTTP,6029,24054,718,42,PSH-ACK,0
2026-06-28T15:41:39.588291+00:00,10.0.2.37,192.168.10.31,58114,22,DNS,12379,48865,924,21,ACK,0
2026-06-28T15:41:33.226291+00:00,10.0.3.15,10.0.3.117,35540,443,DNS,7743,46559,2179,44,PSH-ACK,0
2026-06-28T15:41:27.710291+00:00,10.0.1.50,104.16.249.23,63824,443,HTTP,1831,10838,1131,8,SYN-ACK,1
2026-06-28T15:40:54.072291+00:00,192.168.10.245,203.0.113.76,23745,5432,HTTPS,7312,48386,2641,2,ACK,1
2026-06-28T15:40:58.560291+00:00,10.0.2.215,10.0.3.107,32884,8443,HTTP,7543,19968,2324,9,ACK,0
2026-06-28T15:41:06.596291+00:00,10.0.3.250,10.0.1.39,30903,53,HTTP,10175,10577,2916,35,ACK,0
2026-06-28T15:40:56.988291+00:00,10.0.2.43,45.33.32.30,18090,3306,HTTPS,3062,13485,2304,46,SYN,1
2026-06-28T15:41:13.473291+00:00,10.0.2.97,10.0.2.138,61345,80,TCP,6668,32769,596,30,ACK,0
2026-06-28T15:40:38.084291+00:00,192.168.10.251,10.0.3.123,44729,53,DNS,13140,37083,2985,29,ACK,0
2026-06-28T15:41:31.980291+00:00,10.0.2.175,10.0.3.8,56131,22,DNS,7346,23462,379,21,SYN,0
2026-06-28T15:41:44.194291+00:00,10.0.3.52,192.168.10.219,64976,5432,TCP,3225,32183,1302,39,PSH-ACK,0
2026-06-28T15:41:18.914291+00:00,192.168.1.96,10.0.1.74,21214,8443,HTTP,14364,36807,359,14,FIN,1
2026-06-28T15:41:28.464291+00:00,192.168.1.188,1.1.1.36,14641,8080,UDP,7816,34466,1374,5,PSH-ACK,1
2026-06-28T15:40:47.768291+00:00,151.101.1.119,185.220.101.52,13214,5900,FTP,73596,65302,7767,471,URG,0
2026-06-28T15:41:44.990291+00:00,192.168.10.191,104.16.249.58,18238,8080,UDP,10534,41757,1936,8,ACK,1
2026-06-28T15:40:58.285291+00:00,10.0.2.9,198.51.100.196,49885,3306,DNS,9560,31529,2317,28,ACK,1
2026-06-28T15:40:51.600291+00:00,192.168.10.6,91.189.89.42,31238,53,HTTP,5895,10742,217,18,ACK,1
2026-06-28T15:41:19.313291+00:00,198.51.100.132,10.0.2.197,7217,23,SSH,43284,42446,59186,482,SYN,0
2026-06-28T15:41:13.098291+00:00,10.0.3.26,151.101.1.149,9999,8080,TCP,6151,31818,1688,22,SYN-ACK,0
2026-06-28T15:41:03.215291+00:00,10.0.2.214,45.33.32.204,31202,443,HTTPS,1949,8640,72,31,ACK,1
2026-06-28T15:41:14.264291+00:00,10.0.2.211,192.168.10.135,47547,8080,UDP,511,48828,486,15,SYN-ACK,0
2026-06-28T15:41:04.796291+00:00,10.0.2.35,198.51.100.109,50656,5432,HTTPS,736,12908,442,3,PSH-ACK,1
2026-06-28T15:40:45.210291+00:00,10.0.3.13,198.51.100.78,61323,22,TCP,9667,13148,757,43,ACK,0
2026-06-28T15:40:48.947291+00:00,10.0.3.244,172.217.14.90,38394,443,DNS,1663,37928,58,34,SYN-ACK,0
2026-06-28T15:41:11.560291+00:00,192.168.10.3,10.0.2.237,46776,53,HTTP,7243,44180,440,12,ACK,1
2026-06-28T15:41:28.278291+00:00,10.0.2.106,10.0.3.33,35084,53,TCP,8163,49996,1480,46,ACK,0
2026-06-28T15:40:48.242291+00:00,10.0.1.100,192.168.10.190,15826,5432,HTTPS,4801,28086,774,5,FIN,1
2026-06-28T15:41:22.112291+00:00,192.168.1.174,198.51.100.102,10419,5432,TCP,6603,45589,2419,7,SYN-ACK,0
2026-06-28T15:41:21.792291+00:00,10.0.3.53,172.217.14.217,48550,8443,HTTPS,4603,46799,2384,38,ACK,1
2026-06-28T15:41:26.120291+00:00,192.168.10.245,192.168.1.132,51355,8443,UDP,1810,8047,1027,32,FIN,0
2026-06-28T15:40:54.584291+00:00,104.16.249.174,10.0.2.99,40646,670,TCP,59,19,4,3,SYN,0
2026-06-28T15:40:47.663291+00:00,192.168.10.198,192.168.1.53,33153,8080,HTTPS,8927,22559,2215,35,SYN,1
2026-06-28T15:40:42.584291+00:00,10.0.1.100,192.168.1.115,3177,53,TCP,9160,43255,1242,46,SYN-ACK,1
2026-06-28T15:41:30.480291+00:00,192.168.1.126,192.168.1.170,37871,53,HTTPS,8341,3692,1604,17,FIN,1
2026-06-28T15:41:24.060291+00:00,10.0.3.198,91.189.89.83,55873,3306,UDP,5755,48671,2392,2,ACK,1
2026-06-28T15:40:50.294291+00:00,10.0.3.107,8.8.8.15,39856,443,HTTP,14955,45128,269,20,SYN,0
2026-06-28T15:40:59.336291+00:00,192.168.1.147,192.168.1.70,2361,5900,SSH,3914,42486,29755,342,URG,0
2026-06-28T15:41:17.876291+00:00,192.168.1.27,192.168.1.130,41317,8080,UDP,5992,28613,827,32,SYN,0
2026-06-28T15:41:13.742291+00:00,10.0.3.148,1.1.1.206,7232,3306,DNS,4518,4448,2321,34,FIN,1
2026-06-28T15:41:04.365291+00:00,10.0.1.168,10.0.3.112,28176,5432,UDP,4156,40997,2111,30,PSH-ACK,0
2026-06-28T15:40:41.144291+00:00,192.168.10.222,192.168.1.56,62441,5432,HTTP,9315,47659,2568,4,PSH-ACK,0
2026-06-28T15:41:23.651291+00:00,10.0.2.40,192.168.1.107,42569,22,TCP,13900,27069,1094,19,SYN-ACK,0
2026-06-28T15:41:08.020291+00:00,10.0.1.40,10.0.2.206,32834,5432,HTTPS,6954,42436,152,13,SYN-ACK,1
2026-06-28T15:41:12.441291+00:00,10.0.3.204,91.189.89.169,52288,80,HTTPS,946,5540,1286,39,ACK,1
2026-06-28T15:40:47.120291+00:00,192.168.1.231,8.8.8.172,8359,443,UDP,8591,43570,2378,50,PSH-ACK,0
2026-06-28T15:41:40.577291+00:00,10.0.2.155,10.0.3.86,62332,5432,UDP,3611,9495,438,12,SYN-ACK,0
2026-06-28T15:41:33.524291+00:00,192.168.10.16,104.16.249.137,36789,5432,HTTP,7820,44783,1010,18,SYN-ACK,0
2026-06-28T15:41:38.033291+00:00,10.0.3.7,172.217.14.9,37247,5432,HTTP,5107,41914,2870,24,SYN,0
2026-06-28T15:41:34.332291+00:00,192.168.1.239,91.189.89.78,14811,53,HTTP,7230,41416,1300,50,FIN,0
2026-06-28T15:41:13.640291+00:00,192.168.1.122,10.0.3.185,55051,53,TCP,11483,17142,2074,5,ACK,1
2026-06-28T15:41:47.780291+00:00,192.168.1.179,203.0.113.196,52864,53,HTTPS,90,26297,820,41,ACK,1
2026-06-28T15:41:18.750291+00:00,10.0.1.42,10.0.2.218,30612,8443,HTTP,14351,48220,547,17,SYN-ACK,0
2026-06-28T15:41:14.976291+00:00,192.168.1.96,185.220.101.101,63159,80,TCP,9190,42448,2507,41,SYN-ACK,0
2026-06-28T15:41:37.592291+00:00,10.0.2.14,192.168.1.155,6860,3306,UDP,2827,37214,481,1,PSH-ACK,1
2026-06-28T15:41:36.780291+00:00,192.168.1.32,10.0.2.50,49942,8443,HTTP,6299,8572,1767,14,PSH-ACK,0
2026-06-28T15:41:15.342291+00:00,10.0.2.109,10.0.2.9,16456,8443,HTTP,14905,16313,1515,38,FIN,0
2026-06-28T15:40:41.024291+00:00,10.0.3.251,10.0.2.184,49265,8080,HTTPS,1236,6284,2282,4,SYN,1
2026-06-28T15:41:21.995291+00:00,192.168.1.234,8.8.8.156,17647,5432,TCP,4996,25906,2750,24,SYN-ACK,0
2026-06-28T15:41:53.252291+00:00,10.0.2.130,10.0.3.226,6899,3306,UDP,11676,34801,1774,10,ACK,0
2026-06-28T15:41:19.790291+00:00,10.0.3.158,91.189.89.133,21537,8443,HTTPS,3146965,4124,1664,509,PSH-ACK,1
2026-06-28T15:41:50.672291+00:00,192.168.1.15,45.33.32.39,31842,8080,TCP,2719,46305,1914,28,SYN,1
2026-06-28T15:40:45.260291+00:00,192.168.10.126,104.16.249.127,23935,443,TCP,3377,18659,740,11,PSH-ACK,0
2026-06-28T15:41:52.052291+00:00,192.168.10.56,172.217.14.249,61344,443,HTTPS,4073,32684,2773,7,ACK,1
2026-06-28T15:40:43.384291+00:00,10.0.1.102,10.0.1.216,2916,443,UDP,7580,46420,2702,31,FIN,0
2026-06-28T15:40:40.940291+00:00,10.0.1.169,172.217.14.244,57599,80,UDP,13172,42221,1159,21,SYN,0
2026-06-28T15:41:50.630291+00:00,192.168.1.25,10.0.2.63,2368,22,TCP,2709,25500,1649,19,SYN-ACK,0
2026-06-28T15:41:18.692291+00:00,192.168.1.190,192.168.10.35,55553,3306,TCP,8439,13138,2006,29,FIN,1
2026-06-28T15:41:14.794291+00:00,192.168.1.25,1.1.1.208,42356,5432,HTTPS,1562,2690,2103,22,FIN,1
2026-06-28T15:41:09.368291+00:00,10.0.2.240,192.168.10.23,29686,443,HTTPS,14903,31340,1231,10,SYN-ACK,1
2026-06-28T15:41:19.070291+00:00,192.168.10.111,91.189.89.146,34671,443,TCP,8406,27887,1692,7,FIN,0
2026-06-28T15:41:26.280291+00:00,10.0.1.198,10.0.1.191,52546,53,UDP,13850,25792,186,6,FIN,0
2026-06-28T15:41:21.350291+00:00,192.168.1.195,104.16.249.160,13153,443,UDP,12279,39627,1063,44,SYN,1
2026-06-28T15:41:49.928291+00:00,10.0.2.169,192.168.1.224,44128,443,TCP,117,0,0,3455,URG,0
2026-06-28T15:41:20.083291+00:00,10.0.2.5,45.33.32.29,14736,8443,TCP,10667,9552,2662,16,FIN,0
2026-06-28T15:40:52.160291+00:00,192.168.1.39,104.16.249.109,49440,8443,UDP,7987,30939,81,29,PSH-ACK,0
2026-06-28T15:41:07.051291+00:00,192.168.1.15,10.0.1.163,56638,8443,HTTPS,12116,37963,2441,47,PSH-ACK,1
2026-06-28T15:41:18.928291+00:00,172.217.14.186,104.16.249.60,47835,80,TCP,175,0,0,655,URG,0
2026-06-28T15:41:56.501291+00:00,10.0.1.70,192.168.1.31,62559,3306,DNS,7385,45752,1787,2,SYN-ACK,0
2026-06-28T15:41:06.326291+00:00,192.168.1.61,192.168.10.234,56955,8443,DNS,2188,19267,2962,46,FIN,1
2026-06-28T15:41:28.570291+00:00,10.0.2.161,10.0.1.172,12380,22,UDP,2601,39738,2016,7,FIN,1
2026-06-28T15:41:20.972291+00:00,192.168.10.14,203.0.113.92,55284,80,UDP,13258,4212,1384,28,SYN,0
2026-06-28T15:40:56.800291+00:00,192.168.1.68,8.8.8.201,18554,53,DNS,14022,45268,2112,39,SYN,0
2026-06-28T15:41:39.356291+00:00,10.0.1.251,198.51.100.201,3774,443,DNS,2776,41322,484,14,ACK,0
2026-06-28T15:41:19.796291+00:00,192.168.10.129,198.51.100.40,56637,22,TCP,7234,27286,27,16,FIN,0
2026-06-28T15:41:19.400291+00:00,10.0.1.70,8.8.8.184,50386,5432,UDP,12937,14994,566,28,FIN,1
2026-06-28T15:41:42.447291+00:00,192.168.10.205,8.8.8.242,48054,443,TCP,1429,22211,1290,26,SYN-ACK,1
2026-06-28T15:40:49.370291+00:00,10.0.1.171,192.168.10.16,27369,8080,HTTPS,11861,48713,1285,23,SYN,1
2026-06-28T15:41:18.723291+00:00,192.168.10.237,185.220.101.180,41942,8443,DNS,11467,22666,2658,26,SYN-ACK,0
2026-06-28T15:40:52.644291+00:00,10.0.2.135,91.189.89.55,7107,3389,SSH,45657,84320,15487,61,RST,0
2026-06-28T15:41:54.140291+00:00,10.0.2.215,91.189.89.186,56178,3306,TCP,4295,41130,2079,23,SYN,0
2026-06-28T15:40:58.046291+00:00,192.168.10.190,203.0.113.117,38090,22,DNS,5779,19648,1166,43,PSH-ACK,0
2026-06-28T15:41:32.382291+00:00,10.0.2.28,192.168.10.51,7445,53,HTTPS,11699,27938,1688,6,SYN,1
2026-06-28T15:40:49.760291+00:00,10.0.2.123,10.0.1.96,37656,5432,DNS,14327,17321,2394,32,FIN,1
2026-06-28T15:41:48.015291+00:00,192.168.1.212,192.168.10.34,9503,443,HTTPS,11418,13975,1866,31,SYN,1
2026-06-28T15:41:03.140291+00:00,10.0.3.237,198.51.100.155,38495,8080,HTTP,699,34300,628,8,ACK,0
2026-06-28T15:41:32.435291+00:00,192.168.1.9,185.220.101.37,59289,8080,HTTP,3572,12038,2003,1,SYN,0
2026-06-28T15:40:51.084291+00:00,192.168.1.125,192.168.10.117,32168,53,HTTPS,12523,9118,2068,41,FIN,1
2026-06-28T15:41:43.385291+00:00,10.0.2.223,192.168.10.172,16282,5432,HTTPS,5594,35494,188,43,FIN,1
2026-06-28T15:41:20.054291+00:00,10.0.2.183,203.0.113.147,6604,22,DNS,10176,35549,2363,49,SYN,0
2026-06-28T15:41:46.925291+00:00,10.0.1.32,151.101.1.47,55398,8443,UDP,1426,35006,2486,21,FIN,0
2026-06-28T15:41:49.240291+00:00,10.0.1.89,192.168.1.8,17878,443,HTTPS,1918,6549,2220,11,ACK,1
2026-06-28T15:41:01.622291+00:00,10.0.1.41,91.189.89.244,41294,3306,TCP,3013,1820,2922,4,ACK,1
2026-06-28T15:40:55.790291+00:00,192.168.1.230,8.8.8.67,14298,22,TCP,12362,39165,2401,16,FIN,1
2026-06-28T15:40:58.021291+00:00,10.0.3.120,151.101.1.105,42543,22,HTTPS,14558,1260,1103,36,PSH-ACK,1
2026-06-28T15:40:55.940291+00:00,192.168.10.168,192.168.10.106,56485,22,TCP,12866,9370,1530,35,SYN-ACK,0
2026-06-28T15:41:56.607291+00:00,192.168.10.117,192.168.1.248,1059,80,UDP,7940,17951,2449,17,FIN,0
2026-06-28T15:41:11.808291+00:00,192.168.10.74,203.0.113.42,6903,5432,HTTP,11483,8099,573,47,PSH-ACK,0
2026-06-28T15:41:42.320291+00:00,192.168.10.247,10.0.3.164,18916,22,HTTPS,10890,21118,1400,14,FIN,1
2026-06-28T15:41:28.336291+00:00,10.0.2.107,151.101.1.230,46669,53,DNS,3794970,4508,266,1812,PSH-ACK,1
2026-06-28T15:40:53.045291+00:00,192.168.1.174,192.168.1.213,12636,80,HTTPS,2084,30363,1518,13,FIN,1
2026-06-28T15:40:43.832291+00:00,10.0.1.196,91.189.89.175,41999,8080,DNS,13285,47082,906,15,FIN,0
2026-06-28T15:40:47.713291+00:00,192.168.10.55,192.168.1.30,33813,8443,DNS,2833,36201,794,43,PSH-ACK,0
2026-06-28T15:40:51.608291+00:00,10.0.1.34,91.189.89.239,48793,8080,DNS,3183,44472,95,45,PSH-ACK,0
2026-06-28T15:42:01.397291+00:00,10.0.1.242,10.0.1.220,56358,5432,HTTPS,4529,8016,2786,34,FIN,1
2026-06-28T15:41:52.240291+00:00,10.0.1.228,10.0.3.237,30440,3306,DNS,124,25720,798,22,SYN,0
2026-06-28T15:41:14.397291+00:00,192.168.1.247,198.51.100.235,21392,443,HTTP,10296,41019,397,2,FIN,1
2026-06-28T15:40:46.352291+00:00,10.0.3.217,91.189.89.64,55583,80,HTTP,13501,21902,2129,16,SYN,1
2026-06-28T15:40:56.362291+00:00,192.168.10.33,198.51.100.250,21555,443,HTTPS,12862,8398,254,29,SYN,1
2026-06-28T15:41:25.798291+00:00,192.168.1.18,198.51.100.174,56724,5432,HTTP,6621,6320,2529,49,FIN,0
2026-06-28T15:40:44.300291+00:00,192.168.1.205,1.1.1.226,43682,80,HTTP,7479,33936,1345,38,SYN-ACK,0
2026-06-28T15:40:57.696291+00:00,45.33.32.232,192.168.10.67,24314,863,TCP,101,46,4,2,SYN,0
2026-06-28T15:41:17.824291+00:00,10.0.1.17,192.168.10.113,39275,53,HTTP,2455,30810,1265,39,ACK,0
2026-06-28T15:41:35.792291+00:00,192.168.10.152,185.220.101.15,23556,22,HTTPS,3322,42019,825,5,ACK,1
2026-06-28T15:41:10.222291+00:00,192.168.1.155,192.168.10.146,20660,5432,DNS,5424,10675,430,30,SYN,1
2026-06-28T15:41:14.800291+00:00,10.0.2.179,45.33.32.120,49165,3306,HTTPS,13266,48541,1540,14,FIN,1
2026-06-28T15:41:09.857291+00:00,10.0.1.94,203.0.113.19,20067,8443,UDP,3225,41415,2399,49,ACK,0
2026-06-28T15:40:47.474291+00:00,10.0.3.46,45.33.32.227,56568,22,HTTP,2965,12884,89,12,ACK,0
2026-06-28T15:40:46.405291+00:00,10.0.2.99,10.0.2.80,25248,3306,UDP,10868,11270,2159,40,FIN,0
2026-06-28T15:41:00.560291+00:00,10.0.2.205,192.168.10.98,40316,5432,HTTP,10462,16066,190,49,PSH-ACK,0
2026-06-28T15:42:01.095291+00:00,10.0.2.85,45.33.32.14,64488,8443,DNS,3468,47704,334,31,PSH-ACK,0
2026-06-28T15:41:07.512291+00:00,192.168.10.97,192.168.1.47,35461,8443,HTTP,11765,32466,1941,18,PSH-ACK,1
2026-06-28T15:42:08.273291+00:00,10.0.2.58,45.33.32.116,28878,5432,HTTP,9401,10342,1533,17,PSH-ACK,0
2026-06-28T15:41:03.152291+00:00,10.0.3.115,151.101.1.91,34595,3306,HTTPS,7021,29606,1916,28,FIN,1
2026-06-28T15:41:37.376291+00:00,10.0.3.71,1.1.1.7,43317,443,HTTP,5923,5441,1207,33,PSH-ACK,0
2026-06-28T15:41:23.840291+00:00,10.0.1.32,198.51.100.93,13911,3306,HTTP,4136,19878,2800,18,SYN-ACK,0
2026-06-28T15:42:03.359291+00:00,10.0.1.199,10.0.3.202,54885,80,HTTPS,7773,42906,2100,49,SYN-ACK,1
2026-06-28T15:41:41.812291+00:00,10.0.2.123,192.168.10.203,23349,443,HTTPS,5169,12350,1757,50,FIN,1
2026-06-28T15:41:14.459291+00:00,192.168.10.9,8.8.8.36,62847,80,HTTP,8228,43218,1453,22,SYN-ACK,1
2026-06-28T15:41:46.132291+00:00,192.168.1.197,151.101.1.77,52493,80,DNS,2319,10112,1353,37,PSH-ACK,1
2026-06-28T15:41:39.965291+00:00,192.168.1.18,151.101.1.99,38347,8443,HTTP,10509,20005,382,11,SYN,0
2026-06-28T15:40:48.848291+00:00,192.168.10.127,10.0.2.19,14517,22,HTTP,4809,43265,2148,5,FIN,0
2026-06-28T15:41:38.528291+00:00,10.0.2.85,1.1.1.101,28445,8443,DNS,12215,4546,1594,14,SYN-ACK,0
2026-06-28T15:41:30.002291+00:00,192.168.1.42,172.217.14.148,47998,8443,DNS,4552,13258,31,10,FIN,0
2026-06-28T15:41:43.448291+00:00,10.0.2.136,192.168.10.227,31347,80,HTTPS,12119,6010,1180,42,FIN,1
2026-06-28T15:41:35.480291+00:00,10.0.3.102,172.217.14.211,60004,5432,UDP,7541,25249,2700,12,PSH-ACK,0
2026-06-28T15:41:42.590291+00:00,10.0.1.63,185.220.101.71,60578,8443,UDP,6778,49969,2265,8,ACK,0
2026-06-28T15:40:59.672291+00:00,10.0.3.106,104.16.249.43,2774,443,HTTPS,10507,45553,2768,48,FIN,1
2026-06-28T15:41:41.141291+00:00,192.168.1.221,10.0.1.4,47495,53,TCP,5399,43968,1902,32,FIN,0
2026-06-28T15:40:56.904291+00:00,10.0.2.184,192.168.1.212,12203,80,UDP,9984,6627,726,19,SYN,1
2026-06-28T15:41:09.845291+00:00,10.0.1.175,91.189.89.40,47843,80,UDP,14665,44279,2181,14,FIN,0
2026-06-28T15:42:02.678291+00:00,10.0.1.101,91.189.89.114,51644,5432,TCP,12608,13261,1023,24,SYN-ACK,0
2026-06-28T15:40:58.291291+00:00,8.8.8.211,10.0.1.58,63856,198,TCP,61,46,1,1,RST,0
2026-06-28T15:42:01.868291+00:00,10.0.3.84,151.101.1.161,26914,5432,DNS,2019,15271,876,7,ACK,0
2026-06-28T15:41:10.806291+00:00,10.0.2.119,10.0.3.168,41912,3389,ICMP,9825,29647,31941,204,SYN,0
2026-06-28T15:41:59.870291+00:00,10.0.1.184,192.168.10.45,40336,3306,TCP,10376,45673,1592,44,SYN-ACK,0
2026-06-28T15:41:10.994291+00:00,10.0.3.252,10.0.3.6,34514,22,HTTPS,8288,38540,2887,1,SYN-ACK,1
2026-06-28T15:40:48.000291+00:00,10.0.1.81,45.33.32.189,6226,80,DNS,2293,24584,2043,19,SYN-ACK,0
2026-06-28T15:41:42.018291+00:00,10.0.1.62,192.168.1.191,19251,3306,UDP,10584,49879,163,34,FIN,0
2026-06-28T15:40:48.704291+00:00,10.0.3.89,45.33.32.53,40874,5432,UDP,8583,21118,752,29,SYN,0
2026-06-28T15:41:59.565291+00:00,10.0.2.15,185.220.101.241,39862,22,UDP,3911,33294,321,28,FIN,0
2026-06-28T15:41:10.272291+00:00,10.0.2.110,10.0.2.79,30401,22,DNS,4494,31574,328,24,FIN,1
2026-06-28T15:41:10.364291+00:00,192.168.1.131,172.217.14.189,2322,5432,HTTPS,7042,5494,1230,39,PSH-ACK,1
2026-06-28T15:41:08.662291+00:00,10.0.2.67,10.0.3.118,37864,8443,HTTPS,1218,21878,560,46,FIN,1
2026-06-28T15:41:15.340291+00:00,10.0.2.3,192.168.10.188,27536,5432,HTTPS,6505,48680,1529,25,FIN,1
2026-06-28T15:41:32.240291+00:00,192.168.10.20,1.1.1.227,62112,53,HTTPS,3222,28633,1046,50,ACK,1
2026-06-28T15:42:03.620291+00:00,10.0.3.180,192.168.1.239,16906,8443,UDP,605,23725,2585,46,SYN,0
2026-06-28T15:41:25.272291+00:00,10.0.2.67,45.33.32.155,8674,443,TCP,10597,46676,1575,26,PSH-ACK,0
2026-06-28T15:42:05.186291+00:00,192.168.1.44,10.0.3.130,21207,5432,DNS,12368,47727,365,7,PSH-ACK,0
2026-06-28T15:41:07.384291+00:00,10.0.2.240,1.1.1.179,1127,443,HTTPS,1184,45673,1712,34,FIN,1
2026-06-28T15:41:29.855291+00:00,10.0.2.47,10.0.2.52,33963,443,UDP,7423,37204,871,12,SYN-ACK,0
2026-06-28T15:41:13.616291+00:00,10.0.2.68,1.1.1.113,20234,443,TCP,6228,8211,1134,5,ACK,0
2026-06-28T15:42:16.233291+00:00,192.168.1.174,198.51.100.3,52745,80,DNS,1626,13872,2140,1,FIN,0
2026-06-28T15:42:01.232291+00:00,10.0.3.156,10.0.3.176,54556,22,HTTP,5958,43626,1633,25,PSH-ACK,0
2026-06-28T15:41:41.309291+00:00,10.0.1.2,104.16.249.223,40470,443,TCP,14277,34815,1145,45,SYN-ACK,0
2026-06-28T15:41:56.090291+00:00,192.168.1.133,10.0.2.2,42559,3306,TCP,14350,3038,1334,44,FIN,0
2026-06-28T15:42:01.754291+00:00,192.168.10.205,192.168.1.242,49145,5432,TCP,4854,39831,800,46,SYN-ACK,0
2026-06-28T15:41:05.624291+00:00,10.0.1.79,192.168.1.45,32623,22,TCP,4027,13910,699,49,SYN,0
2026-06-28T15:41:54.133291+00:00,10.0.1.43,192.168.1.198,48155,8080,UDP,10950,31254,2747,8,SYN-ACK,1
2026-06-28T15:41:00.262291+00:00,10.0.3.225,45.33.32.239,25731,5432,HTTP,10753,42120,2302,28,SYN-ACK,0
2026-06-28T15:41:26.780291+00:00,10.0.1.30,198.51.100.88,38565,3306,TCP,2127,20577,1558,37,SYN,0
2026-06-28T15:40:55.480291+00:00,10.0.2.218,192.168.1.83,35086,22,UDP,1786,25947,38,35,FIN,0
2026-06-28T15:41:09.119291+00:00,10.0.3.216,192.168.1.39,49983,80,UDP,9852,21020,1266,33,SYN,0
2026-06-28T15:42:16.568291+00:00,10.0.2.128,192.168.1.17,55280,22,UDP,13934,48055,922,45,SYN,0
2026-06-28T15:42:03.146291+00:00,10.0.3.254,10.0.1.142,28708,8443,HTTP,5746,49697,1604,26,SYN,0
2026-06-28T15:41:31.080291+00:00,10.0.2.181,10.0.1.35,57768,80,DNS,13963,46543,1246,30,SYN-ACK,0
2026-06-28T15:41:56.663291+00:00,10.0.3.231,185.220.101.54,24762,443,TCP,11153,9713,1543,28,SYN-ACK,0
2026-06-28T15:41:01.468291+00:00,192.168.1.47,192.168.10.168,29454,53,DNS,10312,47393,1655,16,SYN,0
2026-06-28T15:41:24.593291+00:00,10.0.3.178,10.0.2.169,51993,8443,TCP,14210,42658,1566,18,FIN,0
2026-06-28T15:40:47.888291+00:00,10.0.1.33,104.16.249.165,38574,8443,DNS,4524,45504,388,38,SYN-ACK,1
2026-06-28T15:42:03.565291+00:00,192.168.1.78,172.217.14.33,13140,5432,DNS,13358,45963,81,26,PSH-ACK,1
2026-06-28T15:40:56.756291+00:00,192.168.10.139,198.51.100.193,57516,53,UDP,127,36394,1832,21,SYN,0
2026-06-28T15:41:06.854291+00:00,10.0.2.24,151.101.1.66,20591,3306,DNS,8959,11286,1733,43,SYN,0
2026-06-28T15:41:34.568291+00:00,104.16.249.36,10.0.3.135,60713,3389,SSH,71544,67924,18752,402,RST,0
2026-06-28T15:40:53.809291+00:00,10.0.2.38,91.189.89.220,37204,22,DNS,9735,23571,1137,9,PSH-ACK,1
2026-06-28T15:40:58.910291+00:00,10.0.3.99,192.168.1.23,62640,53,HTTPS,8820,13393,290,41,ACK,1
2026-06-28T15:41:17.909291+00:00,192.168.10.170,151.101.1.155,52652,5432,HTTP,6248,1738,2473,16,SYN,0
2026-06-28T15:41:06.632291+00:00,192.168.10.106,10.0.1.94,10613,22,HTTP,4523,686,402,25,SYN-ACK,1
2026-06-28T15:41:03.548291+00:00,10.0.1.46,10.0.3.152,35689,3306,TCP,11516,37536,1156,36,ACK,0
2026-06-28T15:40:54.748291+00:00,192.168.1.48,192.168.10.143,39841,53,HTTPS,4284,662,2813,33,SYN-ACK,1
2026-06-28T15:41:07.510291+00:00,192.168.10.190,91.189.89.14,28434,8443,DNS,3039,28807,1450,30,PSH-ACK,0
2026-06-28T15:41:31.760291+00:00,192.168.10.243,10.0.1.244,51524,3306,HTTPS,13888,5947,2600,6,SYN,1
2026-06-28T15:41:26.147291+00:00,10.0.2.149,10.0.3.143,64080,5432,TCP,11132,33377,2994,9,FIN,1
2026-06-28T15:42:10.918291+00:00,192.168.10.180,198.51.100.104,47827,5432,TCP,11551,35057,1414,16,PSH-ACK,0
2026-06-28T15:42:00.236291+00:00,192.168.10.233,45.33.32.45,24177,80,DNS,6965,32513,1553,11,ACK,0
2026-06-28T15:41:42.480291+00:00,10.0.2.214,10.0.1.76,20261,8080,HTTPS,3530,186,2586,37,FIN,1
2026-06-28T15:41:22.745291+00:00,192.168.10.213,192.168.1.230,24338,80,TCP,10124,30209,1346,20,ACK,0
2026-06-28T15:40:48.182291+00:00,10.0.2.104,10.0.1.112,6577,53,UDP,6769,8156,1997,1,SYN-ACK,0
2026-06-28T15:41:24.241291+00:00,10.0.3.78,10.0.2.139,29766,8443,TCP,2691,9206,1449,48,FIN,0
2026-06-28T15:41:46.244291+00:00,10.0.2.30,10.0.1.36,49777,3306,HTTPS,14801,2111,657,43,SYN-ACK,1
2026-06-28T15:42:06.380291+00:00,10.0.3.32,1.1.1.126,50247,5432,HTTP,8262,47618,1593,9,SYN,0
2026-06-28T15:40:50.970291+00:00,10.0.3.130,10.0.2.15,65015,80,HTTPS,7156,31509,1186,19,FIN,1
2026-06-28T15:41:01.377291+00:00,10.0.2.160,185.220.101.187,51272,443,HTTP,14198,17310,2872,16,FIN,0
2026-06-28T15:42:06.248291+00:00,10.0.1.181,151.101.1.157,8918,53,UDP,6614,2554,1122,13,SYN-ACK,1
2026-06-28T15:40:50.486291+00:00,10.0.1.223,192.168.1.136,15558,3306,UDP,7020,31444,252,33,FIN,0
2026-06-28T15:41:37.990291+00:00,10.0.3.73,192.168.1.65,12935,80,TCP,48,3456,2706,48,ACK,0
2026-06-28T15:41:35.513291+00:00,192.168.10.27,10.0.3.244,22931,8080,HTTP,1867,6389,2741,1,PSH-ACK,0
2026-06-28T15:41:42.808291+00:00,10.0.3.192,172.217.14.136,14788,5432,HTTP,1469,7010,535,41,PSH-ACK,0
2026-06-28T15:40:54.620291+00:00,10.0.2.51,10.0.1.21,48560,8443,HTTP,12508,13278,2186,47,SYN-ACK,0
2026-06-28T15:41:09.068291+00:00,192.168.10.184,192.168.10.251,30415,443,HTTP,14963,28621,278,31,FIN,0
2026-06-28T15:41:15.700291+00:00,10.0.2.76,203.0.113.245,33466,443,HTTPS,2751,28728,2087,25,PSH-ACK,1
2026-06-28T15:41:53.184291+00:00,10.0.3.54,185.220.101.1,46684,80,DNS,14444,33646,1866,33,PSH-ACK,0
2026-06-28T15:41:38.879291+00:00,10.0.3.183,91.189.89.142,35991,22,TCP,4821,2601,2620,10,ACK,0
2026-06-28T15:41:33.742291+00:00,10.0.1.166,45.33.32.254,43533,3306,TCP,10405,39699,1512,21,SYN,0
2026-06-28T15:41:10.796291+00:00,192.168.10.77,8.8.8.253,15394,8080,HTTP,2935,16816,65,35,PSH-ACK,0
2026-06-28T15:41:52.460291+00:00,10.0.3.224,10.0.2.211,22274,8080,UDP,3381,38159,2580,49,FIN,0
2026-06-28T15:42:03.844291+00:00,192.168.1.96,192.168.1.25,31130,53,UDP,13402,11581,774,37,FIN,0
2026-06-28T15:41:36.204291+00:00,10.0.1.111,45.33.32.117,60604,53,DNS,1340822,4415,381,1688,PSH-ACK,1
2026-06-28T15:40:50.579291+00:00,192.168.1.100,203.0.113.29,17299,443,UDP,4425,9387,2570,39,SYN,0
2026-06-28T15:41:06.568291+00:00,10.0.3.220,10.0.2.124,21168,3306,UDP,7886,10166,999,4,PSH-ACK,0
2026-06-28T15:42:21.125291+00:00,10.0.1.28,10.0.1.132,1103,22,UDP,433,14895,1750,25,SYN-ACK,0
2026-06-28T15:41:37.358291+00:00,192.168.1.177,198.51.100.126,63706,8080,TCP,5894,5039,2522,22,SYN,0
2026-06-28T15:41:02.797291+00:00,192.168.10.40,185.220.101.110,10868,8080,HTTPS,10276,18849,1427,7,ACK,1
2026-06-28T15:42:13.676291+00:00,10.0.3.209,198.51.100.202,22012,53,UDP,6439,29314,2955,31,SYN,0
2026-06-28T15:42:27.233291+00:00,10.0.3.39,10.0.2.48,21950,8443,HTTP,6984,31581,2841,27,PSH-ACK,0
2026-06-28T15:41:12.390291+00:00,10.0.2.100,192.168.1.139,36165,22,DNS,6341,5519,2380,46,FIN,0
2026-06-28T15:41:03.752291+00:00,10.0.1.54,203.0.113.93,4928,3306,TCP,5952,9172,1208,30,SYN-ACK,1
2026-06-28T15:41:30.704291+00:00,10.0.2.16,185.220.101.31,25382,80,HTTPS,11531,6987,2715,38,SYN,1
2026-06-28T15:42:11.196291+00:00,10.0.2.9,185.220.101.94,1841,5432,TCP,2492,11995,1925,48,SYN-ACK,0
2026-06-28T15:42:10.020291+00:00,10.0.3.115,203.0.113.74,40619,53,TCP,8285,10548,45,26,FIN,1
2026-06-28T15:42:24.365291+00:00,10.0.3.237,172.217.14.129,62067,53,HTTPS,4493,6065,2137,25,SYN-ACK,1
2026-06-28T15:41:25.744291+00:00,10.0.1.58,1.1.1.48,32311,3306,HTTPS,10733,42106,1660,25,SYN-ACK,1
2026-06-28T15:40:58.091291+00:00,192.168.1.51,10.0.1.21,52063,3306,DNS,499,15737,1156,11,PSH-ACK,0
2026-06-28T15:41:00.188291+00:00,10.0.1.195,91.189.89.49,18664,443,UDP,9380,37054,184,37,FIN,0
2026-06-28T15:40:57.538291+00:00,10.0.3.4,10.0.3.247,13795,3306,DNS,12358,25641,2973,23,SYN-ACK,0
2026-06-28T15:41:46.560291+00:00,192.168.10.27,10.0.2.8,39451,80,HTTPS,4793,10605,621,44,FIN,1
2026-06-28T15:41:03.110291+00:00,10.0.1.245,45.33.32.227,64178,3306,UDP,7371,8638,1389,19,ACK,1
2026-06-28T15:40:56.360291+00:00,192.168.1.63,45.33.32.157,42166,8443,DNS,1635,1019,585,50,ACK,0
2026-06-28T15:42:16.331291+00:00,10.0.3.45,10.0.1.73,6871,443,HTTP,2975,46613,1888,17,FIN,0
2026-06-28T15:42:06.932291+00:00,10.0.2.242,198.51.100.249,57319,8080,HTTP,6608,26846,2539,44,SYN-ACK,1
2026-06-28T15:41:53.395291+00:00,192.168.10.245,10.0.1.176,30521,8080,DNS,14415,44771,175,40,SYN,0
2026-06-28T15:42:27.838291+00:00,10.0.2.147,10.0.1.59,26466,947,TCP,51,22,3,2,RST,0
2026-06-28T15:41:08.339291+00:00,10.0.1.236,192.168.1.53,5249,3306,HTTP,5650,39647,1992,14,FIN,0
2026-06-28T15:41:38.688291+00:00,192.168.10.41,104.16.249.38,51762,5432,DNS,1062,23730,1762,31,SYN-ACK,0
2026-06-28T15:41:27.096291+00:00,192.168.1.71,91.189.89.163,18974,5432,TCP,1378,19591,2918,29,FIN,0
2026-06-28T15:41:35.480291+00:00,10.0.1.25,1.1.1.88,62755,5432,HTTP,7930,31202,2194,45,SYN-ACK,1
2026-06-28T15:41:52.180291+00:00,192.168.10.101,203.0.113.144,41427,53,DNS,5344,43560,1297,1,SYN-ACK,1
2026-06-28T15:41:15.644291+00:00,10.0.3.31,1.1.1.68,62845,53,HTTPS,10432,29487,2618,38,SYN,1
2026-06-28T15:40:56.327291+00:00,10.0.2.109,10.0.2.155,23836,22,UDP,3171,44580,2363,1,ACK,0
2026-06-28T15:40:52.916291+00:00,10.0.3.130,192.168.1.168,27919,3306,HTTPS,5810,35591,1745,34,ACK,1
2026-06-28T15:41:10.345291+00:00,192.168.1.111,8.8.8.46,29589,5432,DNS,4709,43267,2821,44,FIN,0
2026-06-28T15:41:07.640291+00:00,10.0.1.24,192.168.1.28,61790,443,DNS,10419,29144,2062,38,SYN,0
2026-06-28T15:42:04.869291+00:00,192.168.1.143,10.0.2.221,24001,8443,TCP,6805,42301,2883,48,FIN,0
2026-06-28T15:41:56.650291+00:00,192.168.10.74,10.0.3.80,1296,5432,UDP,575,1057,108,10,ACK,0
2026-06-28T15:41:49.805291+00:00,192.168.10.112,192.168.1.51,53540,5432,TCP,2151,41738,1600,47,SYN-ACK,1
2026-06-28T15:41:47.140291+00:00,192.168.1.61,198.51.100.182,52422,5432,DNS,13852,49989,2570,17,PSH-ACK,0
2026-06-28T15:41:47.972291+00:00,10.0.1.8,1.1.1.3,47395,443,DNS,9408,25101,104,48,SYN-ACK,1
2026-06-28T15:41:54.422291+00:00,10.0.2.78,10.0.2.187,44229,80,HTTP,4545,5477,589,41,SYN,0
2026-06-28T15:41:10.274291+00:00,192.168.10.33,198.51.100.37,6095,8443,TCP,13878,23724,852,26,SYN,1
2026-06-28T15:40:54.160291+00:00,192.168.1.247,192.168.1.98,54013,53,HTTPS,2985,19619,42,12,PSH-ACK,1
2026-06-28T15:40:56.330291+00:00,10.0.3.90,104.16.249.158,35217,8080,UDP,2032,12678,2483,2,PSH-ACK,0
2026-06-28T15:42:23.932291+00:00,10.0.2.57,10.0.2.9,15426,443,UDP,11963,45364,519,18,ACK,1
2026-06-28T15:41:26.847291+00:00,10.0.3.183,10.0.3.121,34621,5432,HTTPS,3203,16430,709,13,ACK,1
2026-06-28T15:42:01.640291+00:00,192.168.10.81,10.0.2.246,58882,8443,HTTPS,6982,39121,1113,21,PSH-ACK,1
2026-06-28T15:41:10.033291+00:00,192.168.1.53,172.217.14.91,11984,80,HTTPS,8418,16624,2404,27,ACK,1
2026-06-28T15:42:26.790291+00:00,10.0.1.31,185.220.101.208,17101,443,HTTP,3565,43094,1523,24,SYN-ACK,0
2026-06-28T15:41:13.031291+00:00,45.33.32.120,10.0.3.232,16270,136,TCP,89,18,4,1,SYN,0
2026-06-28T15:41:09.552291+00:00,192.168.10.244,192.168.1.176,54330,3306,HTTP,3286,12958,204,32,FIN,0
2026-06-28T15:41:41.000291+00:00,10.0.1.117,10.0.3.153,38799,80,UDP,4710,1208,2637,37,SYN,1
2026-06-28T15:41:42.548291+00:00,192.168.1.11,192.168.10.12,5575,8443,TCP,1598,27242,2963,20,ACK,0
2026-06-28T15:41:54.110291+00:00,192.168.10.200,192.168.10.14,46667,8443,HTTP,8122,42054,498,24,PSH-ACK,0
2026-06-28T15:40:56.252291+00:00,10.0.1.37,198.51.100.83,13551,3306,TCP,13411,35269,21,45,SYN,0
2026-06-28T15:40:59.177291+00:00,10.0.3.21,192.168.10.204,46811,53,HTTP,2297,38277,1888,8,SYN-ACK,0
2026-06-28T15:41:17.906291+00:00,192.168.1.165,104.16.249.172,32345,8443,DNS,4636,21136,2994,31,SYN-ACK,0
2026-06-28T15:41:39.563291+00:00,10.0.1.92,151.101.1.214,5948,8443,TCP,1027,13964,54,43,SYN-ACK,1
2026-06-28T15:42:02.000291+00:00,10.0.1.89,192.168.10.196,47457,8443,HTTP,10776,10132,2067,7,SYN-ACK,0
2026-06-28T15:41:58.543291+00:00,192.168.1.224,10.0.2.201,5522,8080,UDP,6971,10800,2811,20,PSH-ACK,0
2026-06-28T15:41:18.254291+00:00,10.0.1.192,10.0.1.230,18506,80,UDP,7842,43417,2175,29,ACK,0
2026-06-28T15:41:13.280291+00:00,10.0.1.92,10.0.2.103,22895,80,DNS,7270,17904,1515,7,SYN,1
2026-06-28T15:42:09.832291+00:00,10.0.2.105,10.0.3.137,29438,443,DNS,11200,3308,2648,16,SYN,0
2026-06-28T15:41:12.715291+00:00,10.0.1.149,91.189.89.62,15865,5432,HTTP,6461,25788,415,15,ACK,1
2026-06-28T15:41:29.492291+00:00,10.0.2.90,91.189.89.181,13153,8443,TCP,12149,20049,2818,16,SYN-ACK,0
2026-06-28T15:41:04.149291+00:00,10.0.3.232,10.0.1.172,22916,80,HTTPS,2948,17330,316,11,SYN,1
2026-06-28T15:41:57.360291+00:00,192.168.10.2,104.16.249.224,54693,80,TCP,9334,44607,1191,15,PSH-ACK,0
2026-06-28T15:41:18.863291+00:00,10.0.1.79,192.168.1.190,17889,8443,DNS,4193,23914,1880,1,ACK,0
2026-06-28T15:41:53.990291+00:00,192.168.10.125,198.51.100.70,65159,5432,UDP,14069,14474,2701,10,ACK,1
2026-06-28T15:40:57.107291+00:00,192.168.1.94,10.0.1.51,64295,8080,TCP,14411,41123,2781,35,FIN,0
2026-06-28T15:41:41.084291+00:00,10.0.3.229,192.168.10.108,13513,80,HTTP,9534,34123,2875,22,PSH-ACK,0
2026-06-28T15:42:12.720291+00:00,192.168.10.249,8.8.8.74,61791,53,HTTPS,7680,44664,616,34,ACK,1
2026-06-28T15:42:36.368291+00:00,10.0.3.126,10.0.3.5,15266,8080,TCP,13564,38907,506,4,FIN,0
2026-06-28T15:40:52.925291+00:00,10.0.1.14,10.0.3.226,44626,53,DNS,1449,46780,1109,10,SYN-ACK,1
2026-06-28T15:42:41.904291+00:00,10.0.3.58,10.0.3.65,27180,443,HTTPS,14671,17161,1238,39,ACK,1
2026-06-28T15:41:24.718291+00:00,10.0.3.207,172.217.14.36,37349,22,HTTPS,4972,20028,351,20,PSH-ACK,1
2026-06-28T15:42:19.424291+00:00,192.168.1.202,10.0.2.136,34042,3306,HTTP,7713,23252,1752,30,FIN,1
2026-06-28T15:42:19.592291+00:00,1.1.1.23,172.217.14.233,20841,497,TCP,114,32,2,1,RST,0
2026-06-28T15:41:02.060291+00:00,192.168.1.34,10.0.1.120,6572,80,TCP,4466,42630,439,22,PSH-ACK,0
2026-06-28T15:41:47.324291+00:00,10.0.3.223,203.0.113.32,34857,53,UDP,9248,48564,2029,9,SYN-ACK,0
2026-06-28T15:41:49.674291+00:00,10.0.1.208,104.16.249.160,11052,443,TCP,8556,6388,1013,14,SYN,1
2026-06-28T15:40:57.048291+00:00,192.168.1.102,10.0.1.78,65425,53,HTTPS,13479,15436,2240,17,PSH-ACK,1
2026-06-28T15:42:15.968291+00:00,192.168.10.33,1.1.1.38,12215,22,UDP,7841,31527,1188,19,SYN,1
2026-06-28T15:42:02.720291+00:00,192.168.1.100,192.168.1.210,2857,8080,UDP,7528,7912,2312,25,SYN,0
2026-06-28T15:40:58.708291+00:00,192.168.10.115,203.0.113.233,58854,8443,HTTPS,4576,637,649,23,PSH-ACK,1
2026-06-28T15:42:28.406291+00:00,192.168.10.101,151.101.1.17,44011,3306,HTTP,7568,46910,574,18,ACK,1
2026-06-28T15:41:05.556291+00:00,192.168.1.98,10.0.2.149,46752,3306,UDP,9687,38098,1426,38,PSH-ACK,1
2026-06-28T15:41:05.623291+00:00,10.0.2.253,45.33.32.27,59992,443,DNS,4023686,627,226,1453,PSH-ACK,1
2026-06-28T15:41:40.940291+00:00,10.0.1.115,8.8.8.156,8079,8443,HTTP,6227,8770,2611,37,PSH-ACK,0
2026-06-28T15:41:30.540291+00:00,192.168.1.175,91.189.89.58,54359,22,HTTPS,1449,38189,100,41,SYN,1
2026-06-28T15:41:32.144291+00:00,10.0.1.89,185.220.101.175,48863,53,DNS,2094983,1799,1268,1894,PSH-ACK,1
2026-06-28T15:42:24.203291+00:00,10.0.3.160,151.101.1.219,29041,5432,HTTPS,14359,4684,2332,6,SYN-ACK,1
2026-06-28T15:42:32.668291+00:00,10.0.1.129,192.168.10.140,15705,8080,TCP,13608,16514,1600,46,ACK,0
2026-06-28T15:41:23.390291+00:00,10.0.1.138,192.168.10.240,41567,80,HTTPS,8984,45752,455,38,FIN,1
2026-06-28T15:41:43.892291+00:00,10.0.1.88,1.1.1.67,14408,3306,UDP,12448,43512,256,16,FIN,0
2026-06-28T15:42:42.298291+00:00,10.0.1.90,198.51.100.244,32400,53,DNS,4472,47444,171,7,SYN,1
2026-06-28T15:42:31.122291+00:00,10.0.3.112,104.16.249.78,51723,22,TCP,8792,39894,1554,44,SYN,1
2026-06-28T15:41:03.257291+00:00,192.168.1.180,185.220.101.111,29725,443,TCP,14738,40387,1507,23,SYN-ACK,0
2026-06-28T15:42:17.800291+00:00,10.0.2.61,10.0.1.60,38251,80,DNS,13176,1016,2949,16,SYN,0
2026-06-28T15:41:04.144291+00:00,10.0.2.74,203.0.113.81,9525,5432,HTTP,7883,43135,502,43,SYN,0
2026-06-28T15:41:42.308291+00:00,10.0.2.128,10.0.2.115,52155,8080,HTTP,14277,42877,1001,34,ACK,0
2026-06-28T15:42:38.884291+00:00,10.0.1.90,192.168.10.126,14364,53,TCP,13825,34183,945,20,PSH-ACK,0
2026-06-28T15:41:17.324291+00:00,10.0.2.11,192.168.1.168,2419,8443,TCP,13742,2252,1108,18,PSH-ACK,1
2026-06-28T15:41:51.830291+00:00,10.0.1.17,192.168.10.100,57566,5432,TCP,6342,29139,182,15,SYN-ACK,1
2026-06-28T15:41:29.742291+00:00,192.168.10.15,192.168.10.197,60665,3306,TCP,13608,17245,2421,14,SYN,0
2026-06-28T15:42:18.927291+00:00,10.0.1.208,192.168.1.245,31400,5432,DNS,9421,47174,2328,50,PSH-ACK,0
2026-06-28T15:41:25.328291+00:00,192.168.1.192,10.0.1.73,17403,8080,TCP,5570,37466,1617,3,PSH-ACK,0
2026-06-28T15:42:04.638291+00:00,10.0.3.202,10.0.1.80,56571,53,HTTP,7311,30365,71,29,SYN,1
2026-06-28T15:41:00.870291+00:00,192.168.1.165,151.101.1.56,59812,3306,HTTP,1089,28904,737,17,ACK,0
2026-06-28T15:42:31.136291+00:00,10.0.2.39,172.217.14.168,13099,8443,TCP,9540,20836,172,36,SYN-ACK,0
2026-06-28T15:41:44.992291+00:00,10.0.1.175,8.8.8.139,8178,443,HTTP,8345,29125,464,33,SYN,0
2026-06-28T15:41:34.286291+00:00,10.0.3.214,192.168.1.226,2642,3306,UDP,9984,23651,1373,27,ACK,1
2026-06-28T15:41:52.190291+00:00,10.0.2.96,203.0.113.75,40937,22,TCP,13278,20559,2093,46,PSH-ACK,0
2026-06-28T15:41:36.815291+00:00,192.168.10.10,185.220.101.98,38078,5432,UDP,8870,48080,497,34,SYN,1
2026-06-28T15:42:38.224291+00:00,10.0.3.70,45.33.32.215,16954,3306,HTTP,3822,29912,1290,48,SYN,0
2026-06-28T15:42:22.091291+00:00,192.168.1.94,198.51.100.91,43840,8443,HTTP,9955,15136,1839,27,SYN-ACK,0
2026-06-28T15:42:40.926291+00:00,192.168.1.174,10.0.2.157,23409,3306,HTTP,1972,5381,1674,27,PSH-ACK,0
2026-06-28T15:42:48.903291+00:00,10.0.2.232,185.220.101.225,28459,8080,TCP,12582,36384,2914,31,SYN,0
2026-06-28T15:41:00.680291+00:00,10.0.1.178,10.0.1.35,24247,53,HTTPS,6631,45713,2282,16,ACK,1
2026-06-28T15:41:17.920291+00:00,10.0.3.153,172.217.14.158,49438,3306,TCP,7394,26836,2584,29,FIN,0
2026-06-28T15:42:29.944291+00:00,10.0.2.187,172.217.14.235,39923,3306,TCP,11081,42599,1858,25,ACK,1
2026-06-28T15:41:29.825291+00:00,192.168.10.73,10.0.3.128,37994,5432,TCP,4713,21195,1574,21,SYN-ACK,0
2026-06-28T15:41:02.480291+00:00,10.0.2.112,192.168.10.227,23787,8080,TCP,2753,7809,1180,18,FIN,1
2026-06-28T15:41:39.435291+00:00,10.0.3.242,91.189.89.254,44699,8080,UDP,2350,6329,848,36,PSH-ACK,0
2026-06-28T15:41:00.242291+00:00,10.0.1.247,10.0.2.3,25242,22,TCP,4657,37471,1747,47,FIN,0
2026-06-28T15:42:26.082291+00:00,10.0.1.185,192.168.1.128,57680,53,TCP,4602,47988,2740,8,ACK,0
2026-06-28T15:41:38.968291+00:00,10.0.3.42,151.101.1.86,59499,80,HTTP,7140,6622,2889,34,ACK,0
2026-06-28T15:42:46.928291+00:00,10.0.1.244,10.0.2.152,45152,22,UDP,4386,30849,621,32,SYN-ACK,1
2026-06-28T15:41:51.820291+00:00,10.0.1.245,10.0.2.2,33181,22,TCP,11672,11712,159,27,ACK,1
2026-06-28T15:42:52.849291+00:00,10.0.3.125,10.0.2.226,58370,8080,UDP,10984,31828,2008,41,FIN,0
2026-06-28T15:42:45.128291+00:00,10.0.1.58,10.0.3.109,17237,5432,HTTP,1937,11587,1904,21,SYN,0
2026-06-28T15:42:15.183291+00:00,192.168.1.217,104.16.249.154,20090,8080,TCP,8354,14137,1676,4,PSH-ACK,0
2026-06-28T15:41:47.544291+00:00,192.168.1.102,104.16.249.109,32842,22,HTTP,5607,41738,187,20,FIN,1
2026-06-28T15:41:39.710291+00:00,10.0.2.139,10.0.1.244,40670,80,UDP,11872,1423,1554,6,ACK,0
2026-06-28T15:42:47.476291+00:00,10.0.1.134,45.33.32.93,26945,22,DNS,4794,10617,1532,22,FIN,0
2026-06-28T15:42:47.667291+00:00,10.0.1.11,192.168.10.28,3795,53,HTTPS,4678,19796,100,15,SYN-ACK,1
2026-06-28T15:41:01.724291+00:00,10.0.1.210,192.168.1.35,6039,443,TCP,8305,47364,2882,49,FIN,0
2026-06-28T15:40:57.787291+00:00,192.168.10.156,192.168.10.204,55515,8080,UDP,12897,21255,1742,33,SYN,0
2026-06-28T15:41:51.440291+00:00,10.0.1.69,192.168.1.76,15589,5432,TCP,9231,18295,1980,19,PSH-ACK,0
2026-06-28T15:42:13.187291+00:00,8.8.8.196,10.0.1.117,15708,80,TCP,141,0,0,2401,URG,0
2026-06-28T15:42:10.928291+00:00,10.0.1.166,91.189.89.86,37782,53,TCP,3442,32140,2431,16,SYN,0
2026-06-28T15:42:18.299291+00:00,192.168.1.135,10.0.2.17,28015,8080,HTTP,12172,22182,617,3,ACK,1
2026-06-28T15:40:56.444291+00:00,10.0.2.195,192.168.1.141,63904,22,HTTP,5312,30276,2904,31,PSH-ACK,0
2026-06-28T15:41:16.620291+00:00,10.0.1.98,185.220.101.194,13958,8443,UDP,14289,7489,160,28,FIN,0
2026-06-28T15:42:43.744291+00:00,192.168.10.109,10.0.3.32,48206,8080,HTTP,8600,21167,2520,24,PSH-ACK,0
2026-06-28T15:41:24.842291+00:00,10.0.2.207,10.0.3.134,31359,22,HTTPS,5449,48979,2950,9,SYN-ACK,1
2026-06-28T15:42:44.112291+00:00,192.168.1.4,10.0.2.40,65051,80,TCP,5149,46011,769,13,SYN,1
2026-06-28T15:42:03.846291+00:00,192.168.10.121,172.217.14.41,42234,80,HTTP,3196,18034,1165,28,PSH-ACK,0
2026-06-28T15:42:12.080291+00:00,192.168.1.241,91.189.89.144,39863,53,TCP,1727,47924,887,18,SYN-ACK,0
2026-06-28T15:42:52.774291+00:00,192.168.10.152,192.168.10.199,44834,8443,DNS,3469,11056,11,15,SYN-ACK,0
2026-06-28T15:41:26.084291+00:00,192.168.1.225,203.0.113.83,34559,8443,UDP,7009,43611,1933,21,ACK,0
2026-06-28T15:41:45.683291+00:00,192.168.1.200,192.168.1.92,21797,443,DNS,14511,39714,877,11,ACK,0
2026-06-28T15:42:26.494291+00:00,192.168.1.179,10.0.1.144,12690,80,HTTP,14230,24005,1910,50,ACK,1
2026-06-28T15:41:40.200291+00:00,10.0.2.99,10.0.1.52,35496,22,HTTP,131,38456,1272,22,SYN,0
2026-06-28T15:41:48.464291+00:00,10.0.1.157,10.0.3.166,3902,8080,HTTPS,4532,41017,235,37,SYN,1
2026-06-28T15:42:34.330291+00:00,192.168.1.127,185.220.101.122,25241,80,TCP,10082,46787,628,46,SYN-ACK,0
2026-06-28T15:41:13.518291+00:00,10.0.1.16,104.16.249.164,19208,22,DNS,10773,40279,69,22,ACK,0
2026-06-28T15:42:59.240291+00:00,10.0.3.134,203.0.113.241,13668,53,TCP,11983,17514,344,12,FIN,0
2026-06-28T15:41:53.840291+00:00,192.168.10.106,10.0.1.81,24006,443,DNS,5634,30596,2328,45,SYN,1
2026-06-28T15:41:14.552291+00:00,10.0.1.48,198.51.100.48,52714,80,UDP,3603,41848,1535,30,SYN,0
2026-06-28T15:42:00.656291+00:00,10.0.2.193,10.0.1.99,19306,53,UDP,9297,20719,1696,15,SYN-ACK,0
2026-06-28T15:41:38.563291+00:00,10.0.3.68,10.0.1.127,24853,3306,DNS,12694,42102,2143,29,SYN-ACK,0
2026-06-28T15:42:59.416291+00:00,192.168.10.147,192.168.1.90,23449,8080,UDP,1526,33677,864,17,SYN-ACK,1
2026-06-28T15:41:51.140291+00:00,185.220.101.122,192.168.10.84,25421,774,TCP,115,57,0,2,SYN,0
2026-06-28T15:42:11.906291+00:00,10.0.1.42,1.1.1.122,60868,3306,UDP,5058,10705,1913,35,SYN-ACK,0
2026-06-28T15:42:29.414291+00:00,192.168.1.153,192.168.1.189,55687,22,HTTPS,4178,47446,1529,39,ACK,1
2026-06-28T15:42:38.684291+00:00,10.0.3.12,192.168.10.29,51753,8080,HTTPS,9501,26303,2430,2,SYN-ACK,1
2026-06-28T15:42:45.489291+00:00,10.0.3.228,172.217.14.248,44501,3306,UDP,12959,3565,371,20,SYN-ACK,0
2026-06-28T15:42:34.050291+00:00,192.168.1.2,10.0.2.79,13121,22,TCP,14093,13364,1789,6,SYN-ACK,0
2026-06-28T15:42:54.992291+00:00,10.0.3.3,10.0.3.27,46033,5432,DNS,11488,13965,1935,43,FIN,1
2026-06-28T15:41:48.624291+00:00,10.0.1.101,10.0.2.104,54749,5432,HTTP,9820,25851,2188,5,ACK,1
2026-06-28T15:43:02.040291+00:00,192.168.10.194,1.1.1.235,6087,53,HTTPS,1658298,4195,484,290,PSH-ACK,1
2026-06-28T15:41:42.176291+00:00,10.0.1.88,1.1.1.168,21411,5432,HTTP,11103,31540,143,17,FIN,0
2026-06-28T15:41:31.425291+00:00,192.168.10.215,198.51.100.120,53685,80,HTTPS,2675,20947,528,37,PSH-ACK,1
2026-06-28T15:42:19.168291+00:00,10.0.1.126,10.0.1.79,49655,443,HTTP,9929,29548,2057,24,FIN,0
2026-06-28T15:42:51.122291+00:00,10.0.1.203,192.168.1.138,10879,80,TCP,5563,46410,2418,17,SYN-ACK,1
2026-06-28T15:42:30.358291+00:00,192.168.1.119,192.168.10.177,25226,3389,FTP,45231,89473,24408,442,RST,0
2026-06-28T15:42:53.172291+00:00,10.0.3.93,192.168.1.85,40068,443,TCP,5893,48006,150,35,FIN,0
2026-06-28T15:41:34.400291+00:00,10.0.1.34,192.168.1.112,64715,8443,HTTP,11328,40491,1000,47,PSH-ACK,1
2026-06-28T15:41:05.900291+00:00,10.0.3.11,185.220.101.156,61804,8080,HTTP,6962,26302,92,12,ACK,0
2026-06-28T15:42:30.160291+00:00,10.0.2.148,91.189.89.78,25549,8443,TCP,3565,49894,1790,18,SYN-ACK,0
2026-06-28T15:42:45.494291+00:00,192.168.10.104,185.220.101.174,14598,80,HTTPS,12853,27193,2692,9,ACK,1
2026-06-28T15:41:55.032291+00:00,10.0.3.26,10.0.1.183,5200,8080,UDP,11970,46703,2496,30,PSH-ACK,1
2026-06-28T15:42:08.670291+00:00,192.168.1.240,10.0.3.89,54935,8443,HTTP,2526,30314,2044,14,PSH-ACK,0
2026-06-28T15:42:21.494291+00:00,10.0.1.171,10.0.1.163,23653,443,DNS,3440,49061,2170,24,ACK,0
2026-06-28T15:42:05.550291+00:00,192.168.1.9,192.168.10.44,29304,5432,DNS,12572,1574,1163,36,FIN,0
2026-06-28T15:42:19.248291+00:00,10.0.2.98,10.0.1.26,14872,443,UDP,9391,19002,732,11,FIN,1
2026-06-28T15:42:14.300291+00:00,192.168.1.232,10.0.3.199,44555,3306,TCP,8269,35142,2182,26,SYN-ACK,1
2026-06-28T15:42:45.040291+00:00,10.0.3.213,10.0.2.104,35932,3306,TCP,12539,30450,2688,12,SYN,1
2026-06-28T15:43:03.938291+00:00,192.168.1.107,45.33.32.163,40981,443,UDP,9863,37433,2999,27,SYN,0
2026-06-28T15:41:51.716291+00:00,192.168.1.177,10.0.3.7,34534,22,DNS,13971,10616,1876,24,SYN-ACK,0
2026-06-28T15:42:40.450291+00:00,10.0.2.84,185.220.101.76,38877,8443,UDP,7563,16099,2801,39,FIN,0
2026-06-28T15:41:36.570291+00:00,192.168.10.166,192.168.10.216,17071,8443,UDP,11870,4617,29,48,SYN,1
2026-06-28T15:42:51.905291+00:00,192.168.1.20,1.1.1.246,43431,80,DNS,7224,31550,2974,4,ACK,1
2026-06-28T15:41:06.800291+00:00,192.168.10.163,104.16.249.110,50696,443,HTTP,11869,11112,1502,27,ACK,0
2026-06-28T15:41:51.424291+00:00,10.0.2.69,10.0.1.119,50633,8080,UDP,5650,19392,2823,29,ACK,1
2026-06-28T15:41:54.968291+00:00,192.168.10.11,185.220.101.38,58706,3306,UDP,9273,23811,2924,19,ACK,0
2026-06-28T15:43:02.945291+00:00,192.168.1.184,104.16.249.173,40833,8080,UDP,14116,25220,1054,41,SYN-ACK,0
2026-06-28T15:41:44.880291+00:00,10.0.2.151,10.0.3.186,41555,53,HTTPS,5679,42235,639,38,PSH-ACK,1
2026-06-28T15:42:07.370291+00:00,192.168.1.223,10.0.2.224,32743,5432,UDP,273,43866,266,22,SYN-ACK,0
2026-06-28T15:41:43.364291+00:00,10.0.3.157,10.0.2.93,38340,80,HTTPS,13802,48946,2147,15,SYN-ACK,1
2026-06-28T15:42:18.849291+00:00,192.168.1.162,198.51.100.244,37284,443,HTTP,13113,3708,1830,37,PSH-ACK,0
2026-06-28T15:41:52.208291+00:00,10.0.2.178,45.33.32.59,18441,8080,DNS,1536,48740,779,47,SYN,0
2026-06-28T15:42:53.735291+00:00,10.0.2.60,192.168.10.124,36212,80,TCP,5264,41583,300,13,FIN,0
2026-06-28T15:42:36.598291+00:00,10.0.2.27,10.0.2.155,38335,80,HTTP,9570,28204,457,47,FIN,0
2026-06-28T15:43:08.840291+00:00,192.168.10.195,10.0.3.195,18767,8443,DNS,10380,11609,1347,33,FIN,0
2026-06-28T15:42:04.808291+00:00,192.168.10.65,192.168.10.130,8329,53,HTTPS,8028,467,1308,33,FIN,1
2026-06-28T15:42:48.384291+00:00,10.0.1.196,10.0.3.26,42828,53,HTTP,3211,7164,950,14,ACK,0
2026-06-28T15:42:09.410291+00:00,192.168.1.28,91.189.89.238,11273,22,HTTP,12596,26007,704,11,PSH-ACK,0
2026-06-28T15:42:11.283291+00:00,192.168.1.169,192.168.1.201,62158,8080,UDP,7772,19937,1519,10,ACK,0
2026-06-28T15:42:17.520291+00:00,10.0.3.117,192.168.10.102,50977,5432,TCP,946,26830,1449,42,SYN-ACK,1
2026-06-28T15:42:00.200291+00:00,192.168.1.204,1.1.1.84,37597,53,HTTPS,2303381,4220,1001,1953,PSH-ACK,1
2026-06-28T15:42:00.320291+00:00,10.0.2.43,192.168.1.243,52222,5432,TCP,11308,46340,1995,16,ACK,1
2026-06-28T15:41:12.315291+00:00,10.0.3.72,192.168.1.238,31946,53,TCP,14471,49180,304,21,FIN,0
2026-06-28T15:41:32.528291+00:00,192.168.10.53,192.168.1.64,36845,8080,DNS,9160,34841,1194,45,SYN,0
2026-06-28T15:41:14.199291+00:00,10.0.3.247,8.8.8.232,22078,8443,UDP,3770,30239,1484,22,SYN-ACK,0
2026-06-28T15:41:56.410291+00:00,10.0.1.37,192.168.1.111,53328,80,HTTPS,13666,34669,247,33,ACK,1
2026-06-28T15:41:02.906291+00:00,10.0.1.247,10.0.3.204,38695,3306,HTTP,10433,4438,310,37,SYN,0
2026-06-28T15:42:59.120291+00:00,192.168.10.218,198.51.100.147,51297,5432,TCP,13438,18184,1908,29,SYN-ACK,0
2026-06-28T15:41:15.348291+00:00,192.168.10.88,104.16.249.136,38690,8080,HTTPS,144,40914,1598,2,SYN,1
2026-06-28T15:41:49.814291+00:00,10.0.2.68,10.0.3.138,51481,3306,UDP,14674,46891,2363,10,SYN-ACK,0
2026-06-28T15:41:45.506291+00:00,10.0.1.8,151.101.1.155,23864,443,DNS,5405,20705,943,43,SYN-ACK,0
2026-06-28T15:42:07.708291+00:00,10.0.3.61,45.33.32.198,9092,5432,HTTPS,456,29134,855,25,SYN,1
2026-06-28T15:42:40.580291+00:00,10.0.2.54,1.1.1.152,60876,443,DNS,2708,49624,859,8,FIN,0
2026-06-28T15:42:11.506291+00:00,10.0.2.254,192.168.10.94,34364,443,HTTP,7526,1098,30,25,FIN,1
2026-06-28T15:41:21.965291+00:00,10.0.3.216,198.51.100.112,58429,8443,HTTPS,299,18043,2989,42,ACK,1
2026-06-28T15:41:09.608291+00:00,10.0.2.47,172.217.14.3,46576,8443,UDP,12529,2595,251,39,SYN-ACK,0
2026-06-28T15:42:24.345291+00:00,10.0.2.109,185.220.101.45,24949,443,UDP,12926,10681,123,32,SYN-ACK,0
2026-06-28T15:42:31.610291+00:00,10.0.3.161,8.8.8.8,3266,53,HTTPS,6719,3087,2210,25,PSH-ACK,1
2026-06-28T15:42:59.384291+00:00,10.0.1.5,10.0.2.25,8390,8443,TCP,7649,27242,2199,29,SYN-ACK,0
2026-06-28T15:42:10.508291+00:00,10.0.3.34,8.8.8.169,33320,22,HTTPS,2101,14412,2109,9,SYN-ACK,1
2026-06-28T15:41:50.991291+00:00,10.0.1.185,1.1.1.73,17451,53,UDP,12000,43252,1234,22,FIN,0
2026-06-28T15:41:29.642291+00:00,10.0.3.171,10.0.1.193,53072,22,TCP,3024,978,586,41,SYN,0
2026-06-28T15:41:36.885291+00:00,10.0.1.148,10.0.3.50,15103,8443,HTTPS,10219,17263,2236,29,SYN,1
2026-06-28T15:42:03.856291+00:00,192.168.10.238,10.0.2.67,51618,8443,HTTPS,10906,6364,2737,22,PSH-ACK,1
2026-06-28T15:42:00.389291+00:00,10.0.3.111,203.0.113.247,64927,8443,UDP,13639,7323,493,36,ACK,0
2026-06-28T15:42:19.364291+00:00,192.168.1.143,192.168.10.48,13795,53,DNS,13802,44642,909,50,SYN,0
2026-06-28T15:42:21.300291+00:00,10.0.2.146,10.0.1.206,16125,53,DNS,6175,10443,411,44,SYN-ACK,0
2026-06-28T15:41:34.640291+00:00,192.168.10.110,10.0.1.247,26568,5432,HTTP,14683,31270,1917,21,SYN-ACK,0
2026-06-28T15:41:00.490291+00:00,192.168.10.173,91.189.89.54,50514,5432,TCP,2338,9463,1970,11,SYN-ACK,1
2026-06-28T15:41:36.620291+00:00,192.168.1.153,45.33.32.64,10227,5432,HTTP,2062,47617,2400,44,SYN-ACK,0
2026-06-28T15:42:42.629291+00:00,10.0.3.196,10.0.1.135,7748,8443,DNS,3844,43321,1796,20,SYN,1
2026-06-28T15:41:35.896291+00:00,10.0.3.226,10.0.1.99,42108,8443,TCP,7018,38377,690,46,FIN,0
2026-06-28T15:41:52.275291+00:00,10.0.1.189,192.168.10.223,57998,8443,UDP,13748,46019,1772,27,SYN,0
2026-06-28T15:42:05.066291+00:00,10.0.3.233,192.168.10.86,65451,3306,HTTP,1401,887,415,46,FIN,0
2026-06-28T15:43:15.933291+00:00,192.168.10.113,192.168.1.145,35035,5432,DNS,729,39470,442,38,SYN,0
2026-06-28T15:41:28.080291+00:00,10.0.2.94,192.168.10.109,23784,8443,TCP,14002,30235,2349,34,SYN,1
2026-06-28T15:42:40.880291+00:00,10.0.1.57,10.0.1.163,20178,5432,TCP,13178,1899,2987,30,ACK,0
2026-06-28T15:42:21.020291+00:00,10.0.2.72,10.0.1.85,51395,53,HTTP,3470,36640,2242,42,ACK,1
2026-06-28T15:42:22.069291+00:00,10.0.2.218,10.0.1.87,36297,22,DNS,5226,20083,415,47,SYN,1
2026-06-28T15:42:14.000291+00:00,10.0.2.195,10.0.3.221,23109,8443,HTTP,14716,23728,653,11,ACK,0
2026-06-28T15:41:26.654291+00:00,10.0.3.234,151.101.1.180,41556,443,HTTPS,3294,6158,371,46,PSH-ACK,1
2026-06-28T15:42:35.282291+00:00,10.0.2.185,8.8.8.137,7815,8080,HTTPS,10090,37402,337,21,SYN-ACK,1
2026-06-28T15:42:44.585291+00:00,10.0.2.142,10.0.3.8,55631,22,UDP,4059,14840,1804,42,SYN-ACK,0
2026-06-28T15:41:03.988291+00:00,10.0.1.221,172.217.14.124,13217,5432,HTTPS,10316,37753,1586,48,ACK,1
2026-06-28T15:42:26.571291+00:00,10.0.3.112,10.0.2.83,63813,53,TCP,5310,46074,1012,35,PSH-ACK,0
2026-06-28T15:41:23.372291+00:00,192.168.10.183,104.16.249.138,48050,22,HTTP,7663,17677,2353,4,FIN,1
2026-06-28T15:42:58.103291+00:00,10.0.1.246,185.220.101.6,32260,53,HTTP,1084,44736,1452,5,ACK,0
2026-06-28T15:41:07.880291+00:00,192.168.1.112,192.168.1.57,36308,8080,HTTP,5455,15281,2335,33,FIN,0
2026-06-28T15:43:08.588291+00:00,192.168.10.82,192.168.10.15,8867,443,DNS,10097,4209,2170,27,SYN-ACK,0
2026-06-28T15:41:59.626291+00:00,10.0.2.215,185.220.101.8,6863,443,HTTP,6651,37657,2872,44,FIN,1
2026-06-28T15:42:31.121291+00:00,10.0.2.218,10.0.1.81,47375,5432,UDP,14442,16555,2047,6,SYN-ACK,0
2026-06-28T15:42:35.888291+00:00,10.0.3.254,198.51.100.87,17917,80,DNS,14446,39765,250,36,SYN,0
2026-06-28T15:41:23.890291+00:00,192.168.10.5,203.0.113.84,37944,3306,DNS,14119,4587,707,13,PSH-ACK,1
2026-06-28T15:41:44.336291+00:00,10.0.3.26,185.220.101.154,47316,53,HTTPS,8352,9795,1824,2,PSH-ACK,1
2026-06-28T15:41:10.133291+00:00,10.0.1.208,10.0.3.29,39697,53,UDP,14789,6575,2039,13,PSH-ACK,0
2026-06-28T15:42:21.648291+00:00,192.168.10.214,1.1.1.201,5314,3306,DNS,4074,24006,580,16,FIN,0
2026-06-28T15:42:37.577291+00:00,104.16.249.208,172.217.14.26,56583,187,TCP,81,58,4,3,RST,0
2026-06-28T15:43:11.210291+00:00,10.0.3.84,10.0.2.76,29541,5432,HTTPS,1389,32183,98,32,SYN,1
2026-06-28T15:42:18.332291+00:00,192.168.10.101,91.189.89.128,55501,80,DNS,3121,5884,1258,38,PSH-ACK,0
2026-06-28T15:42:16.600291+00:00,192.168.10.9,203.0.113.248,64212,80,HTTP,13536,44877,1777,48,PSH-ACK,0
2026-06-28T15:43:03.380291+00:00,10.0.1.235,45.33.32.26,47712,3306,UDP,1235,46834,834,32,SYN-ACK,0
2026-06-28T15:41:12.414291+00:00,10.0.2.232,198.51.100.237,12627,5432,HTTP,13582,15006,1523,26,SYN,0
2026-06-28T15:41:35.850291+00:00,192.168.10.173,192.168.1.176,62645,8080,UDP,6744,45278,42,27,FIN,1
2026-06-28T15:42:08.696291+00:00,10.0.2.211,192.168.10.4,46637,8443,TCP,2151,43487,2825,15,SYN,0
2026-06-28T15:41:29.463291+00:00,192.168.1.19,10.0.3.44,19689,8080,HTTPS,4704,37402,1072,7,SYN,1
2026-06-28T15:42:37.078291+00:00,10.0.2.245,198.51.100.143,3363,8443,DNS,7884,7205,457,15,SYN,1
2026-06-28T15:41:46.523291+00:00,10.0.1.63,1.1.1.158,40149,80,HTTPS,10900,33045,775,50,SYN-ACK,1
2026-06-28T15:42:18.580291+00:00,8.8.8.221,185.220.101.90,31303,411,TCP,47,25,3,1,RST,0
2026-06-28T15:43:03.879291+00:00,10.0.2.162,192.168.1.8,56298,22,TCP,9897,34679,1179,36,SYN-ACK,0
2026-06-28T15:43:14.420291+00:00,10.0.1.30,198.51.100.105,48241,53,DNS,11903,21120,1518,3,SYN-ACK,0
2026-06-28T15:41:58.227291+00:00,1.1.1.197,10.0.2.197,42199,73,TCP,112,34,0,1,RST,0
2026-06-28T15:43:20.464291+00:00,10.0.3.177,172.217.14.100,41171,8080,HTTPS,5694,41766,1864,31,SYN-ACK,1
2026-06-28T15:42:52.310291+00:00,10.0.3.59,10.0.2.248,58822,53,HTTP,6070,48537,86,28,ACK,0
2026-06-28T15:41:12.200291+00:00,192.168.10.220,192.168.1.34,62751,5432,UDP,6939,27416,1887,47,FIN,1
2026-06-28T15:42:36.543291+00:00,10.0.3.85,1.1.1.35,47724,22,UDP,9352,12793,2988,43,PSH-ACK,0
2026-06-28T15:42:54.704291+00:00,192.168.1.97,192.168.1.38,36598,8443,TCP,4960,40907,1689,4,SYN-ACK,0
2026-06-28T15:42:24.504291+00:00,10.0.2.170,1.1.1.240,2586,22,HTTPS,6363,37224,2733,12,ACK,1
2026-06-28T15:43:19.740291+00:00,192.168.1.149,192.168.1.83,57911,53,UDP,12534,31935,1296,40,PSH-ACK,0
2026-06-28T15:41:25.814291+00:00,10.0.1.7,203.0.113.236,62074,3306,HTTP,3366,48771,617,14,ACK,0
2026-06-28T15:42:30.624291+00:00,10.0.3.151,104.16.249.122,20897,443,HTTP,13185,36863,655,10,SYN-ACK,1
2026-06-28T15:41:31.680291+00:00,192.168.10.106,192.168.10.162,46241,22,HTTP,1897,43547,601,29,SYN,0
2026-06-28T15:41:35.576291+00:00,192.168.1.99,10.0.1.152,39355,53,HTTPS,7369,1341,2015,43,PSH-ACK,1
2026-06-28T15:42:27.230291+00:00,10.0.1.228,10.0.2.36,61105,53,HTTPS,1858,43877,808,41,ACK,1
2026-06-28T15:42:13.984291+00:00,10.0.1.92,192.168.1.6,24958,8080,UDP,3186,33687,1148,34,SYN,1
2026-06-28T15:42:20.807291+00:00,10.0.1.168,10.0.3.69,23143,80,HTTPS,4510,49191,2690,30,SYN,1
2026-06-28T15:42:24.770291+00:00,10.0.2.225,192.168.10.6,14107,8443,HTTPS,6266,25493,148,45,ACK,1
2026-06-28T15:42:35.454291+00:00,192.168.10.220,10.0.3.35,37224,22,HTTP,8048,18497,1093,6,FIN,0
2026-06-28T15:42:21.200291+00:00,10.0.1.7,185.220.101.207,25494,443,UDP,2563,37520,971,50,SYN,0
2026-06-28T15:41:05.412291+00:00,10.0.3.224,10.0.2.151,52543,443,HTTP,10076,8033,231,46,SYN-ACK,0
2026-06-28T15:41:22.780291+00:00,10.0.1.2,1.1.1.203,26379,3306,TCP,10287,34730,790,31,SYN-ACK,1
2026-06-28T15:41:48.851291+00:00,192.168.10.223,203.0.113.114,12548,22,TCP,4353,9470,2221,37,SYN-ACK,0
2026-06-28T15:41:21.956291+00:00,10.0.3.195,192.168.1.164,28043,8080,DNS,3615,27992,1028,23,SYN-ACK,0
2026-06-28T15:42:05.450291+00:00,10.0.2.18,203.0.113.17,50546,5432,DNS,1349,44213,2934,29,SYN,0
2026-06-28T15:42:21.986291+00:00,10.0.3.180,10.0.1.147,30566,3306,HTTP,12200,31526,1518,32,ACK,1
2026-06-28T15:42:21.150291+00:00,10.0.2.60,10.0.1.178,31494,8443,HTTPS,5354,26466,1900,30,FIN,1
2026-06-28T15:41:41.592291+00:00,192.168.1.109,10.0.2.203,58056,53,HTTPS,6584,24007,58,28,SYN-ACK,1
2026-06-28T15:41:40.712291+00:00,10.0.2.57,198.51.100.5,23130,22,HTTP,395,32632,1607,11,ACK,0
2026-06-28T15:42:00.200291+00:00,192.168.10.187,104.16.249.111,64534,80,HTTPS,5829,6987,275,21,FIN,1
2026-06-28T15:42:15.844291+00:00,192.168.10.243,10.0.2.108,63732,8080,TCP,10386,10434,1387,41,ACK,1
2026-06-28T15:41:34.172291+00:00,192.168.10.74,8.8.8.186,38073,8443,HTTP,1074,1200,1832,24,FIN,0
2026-06-28T15:41:55.659291+00:00,10.0.2.234,192.168.1.203,23355,3306,DNS,11481,12778,521,21,PSH-ACK,0
2026-06-28T15:42:02.580291+00:00,10.0.2.127,172.217.14.121,50188,53,HTTPS,10257,21119,334,34,FIN,1
2026-06-28T15:42:59.240291+00:00,10.0.3.19,10.0.2.204,24864,80,UDP,7801,16200,915,41,SYN,0
2026-06-28T15:42:33.056291+00:00,192.168.1.145,10.0.3.246,21613,22,HTTPS,13542,42365,771,39,PSH-ACK,1
2026-06-28T15:41:33.600291+00:00,10.0.1.190,45.33.32.135,28745,80,HTTPS,4925,17144,837,10,ACK,1
2026-06-28T15:41:10.208291+00:00,192.168.1.200,185.220.101.115,42042,443,TCP,182,0,0,1785,URG,0
2026-06-28T15:42:22.710291+00:00,10.0.3.118,192.168.10.118,39459,53,UDP,5328,1151,508,4,ACK,1
2026-06-28T15:42:36.560291+00:00,192.168.1.142,192.168.1.167,12689,3306,HTTPS,10084,49882,142,42,ACK,1
2026-06-28T15:42:24.932291+00:00,192.168.10.12,151.101.1.15,10193,53,TCP,1715,34300,670,46,SYN-ACK,0
2026-06-28T15:42:34.884291+00:00,10.0.3.22,10.0.1.128,5097,5432,DNS,10555,25991,2846,10,PSH-ACK,0
2026-06-28T15:41:56.689291+00:00,10.0.1.197,91.189.89.59,43157,22,TCP,7882,2818,173,15,SYN-ACK,0
2026-06-28T15:41:39.080291+00:00,10.0.3.101,192.168.10.197,2564,5432,HTTPS,9051,4493,165,13,PSH-ACK,1
2026-06-28T15:41:13.555291+00:00,192.168.10.127,10.0.1.150,59913,53,DNS,6547,13984,624,35,SYN,0
2026-06-28T15:42:11.788291+00:00,192.168.10.101,10.0.2.195,13854,3306,HTTP,14751,17101,1609,8,ACK,1
2026-06-28T15:41:11.699291+00:00,192.168.10.199,1.1.1.53,53756,443,HTTPS,12210,13513,820,49,PSH-ACK,1
2026-06-28T15:42:19.928291+00:00,10.0.2.228,10.0.3.94,43480,22,TCP,9327,16576,889,33,SYN,0
2026-06-28T15:41:07.857291+00:00,10.0.2.222,192.168.1.244,31031,5432,HTTP,9900,49444,677,32,FIN,0
2026-06-28T15:42:07.310291+00:00,10.0.1.228,203.0.113.219,63072,8080,TCP,40,19926,1823,25,PSH-ACK,0
2026-06-28T15:41:28.774291+00:00,10.0.2.167,192.168.1.191,19372,5432,TCP,10749,1507,1219,50,SYN,0
2026-06-28T15:42:21.424291+00:00,192.168.1.240,10.0.1.227,1964,443,UDP,1450,47541,962,30,PSH-ACK,0
2026-06-28T15:42:13.607291+00:00,10.0.2.57,192.168.1.9,3459,443,TCP,150,0,0,4315,URG,0
2026-06-28T15:41:48.876291+00:00,192.168.10.231,10.0.1.247,48135,8443,HTTP,3361,17556,100,43,ACK,0
2026-06-28T15:42:04.890291+00:00,10.0.1.168,192.168.10.215,63423,8443,DNS,13015,15212,2931,48,SYN,0
2026-06-28T15:42:37.868291+00:00,10.0.3.118,10.0.2.97,36463,53,DNS,5294,48221,2619,23,FIN,0
2026-06-28T15:43:32.846291+00:00,192.168.1.253,10.0.3.39,27751,3306,DNS,7113,5705,2467,17,SYN-ACK,0
2026-06-28T15:42:36.158291+00:00,192.168.1.194,151.101.1.221,34208,53,HTTP,9850,22430,2213,41,SYN-ACK,0
2026-06-28T15:41:57.338291+00:00,192.168.1.22,1.1.1.226,7827,80,DNS,4213,36114,2723,11,SYN-ACK,0
